student_id,name,gpa,enrollment_date,graduation_year,department,credits_completed
1,Student_1,2.749080237694725,2019-01-01,2025,Science,13
2,Student_2,3.9014286128198323,2019-01-02,2026,Business,119
3,Student_3,3.46398788362281,2019-01-03,2024,Business,79
4,Student_4,3.197316968394073,2019-01-04,2026,Science,105
5,Student_5,2.312037280884873,2019-01-05,2026,Engineering,69
6,Student_6,2.3119890406724055,2019-01-06,2025,Engineering,43
7,Student_7,2.116167224336399,2019-01-07,2026,Business,72
8,Student_8,3.73235229154987,2019-01-08,2025,Engineering,44
9,Student_9,3.2022300234864174,2019-01-09,2023,Science,106
10,Student_10,3.416145155592091,2019-01-10,2023,Engineering,83
11,Student_11,2.041168988591605,2019-01-11,2025,Business,81
12,Student_12,3.9398197043239884,2019-01-12,2023,Science,106
13,Student_13,3.6648852816008435,2019-01-13,2024,Engineering,20
14,Student_14,2.4246782213565523,2019-01-14,2026,Arts,6
15,Student_15,2.3636499344142012,2019-01-15,2024,Science,69
16,Student_16,2.3668090197068676,2019-01-16,2026,Science,126
17,Student_17,2.6084844859190754,2019-01-17,2023,Arts,119
18,Student_18,3.049512863264476,2019-01-18,2024,Arts,127
19,Student_19,2.8638900372842313,2019-01-19,2023,Science,56
20,Student_20,2.582458280396084,2019-01-20,2026,Arts,57
21,Student_21,3.223705789444759,2019-01-21,2025,Business,20
22,Student_22,2.278987721304084,2019-01-22,2025,Business,81
23,Student_23,2.5842892970704363,2019-01-23,2024,Business,68
24,Student_24,2.7327236865873834,2019-01-24,2023,Science,86
25,Student_25,2.912139968434072,2019-01-25,2023,Arts,48
26,Student_26,3.570351922786027,2019-01-26,2024,Arts,114
27,Student_27,2.3993475643167193,2019-01-27,2025,Engineering,88
28,Student_28,3.0284688768272234,2019-01-28,2026,Engineering,84
29,Student_29,3.184829137724085,2019-01-29,2024,Arts,127
30,Student_30,2.0929008254399957,2019-01-30,2026,Arts,116
31,Student_31,3.2150897038028767,2019-01-31,2025,Arts,126
32,Student_32,2.341048247374583,2019-02-01,2023,Science,70
33,Student_33,2.130103185970559,2019-02-02,2025,Arts,85
34,Student_34,3.8977710745066663,2019-02-03,2024,Engineering,32
35,Student_35,3.9312640661491187,2019-02-04,2023,Science,80
36,Student_36,3.6167946962329225,2019-02-05,2024,Arts,60
37,Student_37,2.609227538346741,2019-02-06,2024,Engineering,60
38,Student_38,2.1953442280127677,2019-02-07,2025,Science,97
39,Student_39,3.3684660530243136,2019-02-08,2024,Arts,27
40,Student_40,2.8803049874792026,2019-02-09,2025,Arts,42
41,Student_41,2.2440764696895577,2019-02-10,2023,Arts,85
42,Student_42,2.9903538202225404,2019-02-11,2025,Science,16
43,Student_43,2.068777042230437,2019-02-12,2023,Engineering,97
44,Student_44,3.818640804157564,2019-02-13,2025,Engineering,97
45,Student_45,2.517559963200034,2019-02-14,2026,Business,64
46,Student_46,3.325044568707964,2019-02-15,2026,Arts,73
47,Student_47,2.623422152178822,2019-02-16,2024,Business,84
48,Student_48,3.0401360423556216,2019-02-17,2025,Business,4
49,Student_49,3.0934205586865593,2019-02-18,2025,Engineering,1
50,Student_50,2.3697089110510543,2019-02-19,2023,Science,21
51,Student_51,3.939169255529117,2019-02-20,2024,Science,111
52,Student_52,3.550265646722229,2019-02-21,2025,Engineering,56
53,Student_53,3.8789978831283785,2019-02-22,2024,Science,65
54,Student_54,3.789654700855298,2019-02-23,2026,Business,73
55,Student_55,3.19579995762217,2019-02-24,2025,Arts,97
56,Student_56,3.8437484700462337,2019-02-25,2025,Engineering,111
57,Student_57,2.176985004103839,2019-02-26,2024,Arts,124
58,Student_58,2.3919657248382906,2019-02-27,2025,Science,85
59,Student_59,2.090454577821076,2019-02-28,2024,Arts,75
60,Student_60,2.650660661526529,2019-03-01,2025,Science,87
61,Student_61,2.7773545793789642,2019-03-02,2023,Science,37
62,Student_62,2.5426980635477916,2019-03-03,2024,Business,58
63,Student_63,3.6574750183038587,2019-03-04,2025,Science,98
64,Student_64,2.713506653387179,2019-03-05,2026,Business,62
65,Student_65,2.5618690193747615,2019-03-06,2025,Business,48
66,Student_66,3.085392166316497,2019-03-07,2026,Business,31
67,Student_67,2.2818484499495253,2019-03-08,2026,Engineering,20
68,Student_68,3.6043939615080793,2019-03-09,2023,Engineering,19
69,Student_69,2.1491012873595414,2019-03-10,2024,Science,126
70,Student_70,3.9737738732010346,2019-03-11,2025,Business,67
71,Student_71,3.544489538593315,2019-03-12,2023,Engineering,109
72,Student_72,2.397431363068345,2019-03-13,2025,Business,115
73,Student_73,2.011044234247205,2019-03-14,2026,Arts,119
74,Student_74,3.6309228569096685,2019-03-15,2024,Arts,78
75,Student_75,3.4137146876952342,2019-03-16,2025,Arts,115
76,Student_76,3.4580143360819746,2019-03-17,2025,Science,91
77,Student_77,3.5425406933718913,2019-03-18,2026,Business,13
78,Student_78,2.148089303468181,2019-03-19,2025,Arts,124
79,Student_79,2.7169314570885454,2019-03-20,2025,Engineering,57
80,Student_80,2.2317381190502594,2019-03-21,2026,Arts,27
81,Student_81,3.7262068517511873,2019-03-22,2023,Arts,25
82,Student_82,3.246596253655116,2019-03-23,2026,Arts,112
83,Student_83,2.6617960497052984,2019-03-24,2023,Science,65
84,Student_84,2.1271167005720475,2019-03-25,2024,Engineering,43
85,Student_85,2.6219646434313244,2019-03-26,2023,Business,96
86,Student_86,2.650366644053494,2019-03-27,2023,Engineering,41
87,Student_87,3.459212356676128,2019-03-28,2024,Business,5
88,Student_88,3.2751149427104265,2019-03-29,2023,Science,22
89,Student_89,3.774425485152653,2019-03-30,2026,Science,88
90,Student_90,2.944429850323899,2019-03-31,2023,Science,122
91,Student_91,2.2391884918766034,2019-04-01,2024,Science,50
92,Student_92,3.42648957444599,2019-04-02,2026,Business,10
93,Student_93,3.521570097233795,2019-04-03,2024,Arts,11
94,Student_94,3.1225543951389927,2019-04-04,2024,Business,73
95,Student_95,3.541934359909122,2019-04-05,2025,Engineering,7
96,Student_96,2.9875911927287815,2019-04-06,2025,Science,40
97,Student_97,3.0454656587639883,2019-04-07,2024,Science,84
98,Student_98,2.855082036717099,2019-04-08,2024,Engineering,71
99,Student_99,2.05083825348819,2019-04-09,2024,Business,54
100,Student_100,2.215782853986609,2019-04-10,2025,Arts,46
101,Student_101,2.0628583713734683,2019-04-11,2025,Arts,103
102,Student_102,3.272820822527561,2019-04-12,2023,Engineering,41
103,Student_103,2.6287119621526536,2019-04-13,2023,Arts,59
104,Student_104,3.0171413823294055,2019-04-14,2024,Business,11
105,Student_105,3.8151329478521863,2019-04-15,2026,Business,129
106,Student_106,2.49858445829775,2019-04-16,2026,Engineering,6
107,Student_107,2.8207658460712595,2019-04-17,2025,Business,79
108,Student_108,3.5111022770860973,2019-04-18,2025,Science,108
109,Student_109,2.457596330983245,2019-04-19,2025,Engineering,2
110,Student_110,2.1539598196575858,2019-04-20,2024,Business,26
111,Student_111,2.5795029058275363,2019-04-21,2026,Engineering,113
112,Student_112,2.322442574508009,2019-04-22,2023,Arts,106
113,Student_113,3.859395304685146,2019-04-23,2024,Business,39
114,Student_114,3.616240759128834,2019-04-24,2023,Science,128
115,Student_115,3.266807513020847,2019-04-25,2023,Business,7
116,Student_116,3.7429211803754354,2019-04-26,2024,Engineering,100
117,Student_117,3.6073441537982287,2019-04-27,2023,Engineering,123
118,Student_118,2.3731401177720715,2019-04-28,2026,Business,106
119,Student_119,3.7851179969799555,2019-04-29,2023,Science,100
120,Student_120,3.078684483831301,2019-04-30,2026,Science,3
121,Student_121,3.6148803103281253,2019-05-01,2026,Science,109
122,Student_122,3.7921825998469867,2019-05-02,2026,Engineering,18
123,Student_123,2.6360069499437278,2019-05-03,2025,Business,31
124,Student_124,2.2201038490553535,2019-05-04,2023,Arts,11
125,Student_125,2.4558703250838834,2019-05-05,2024,Engineering,45
126,Student_126,2.8542155772525124,2019-05-06,2024,Science,118
127,Student_127,3.6360295318449865,2019-05-07,2023,Business,15
128,Student_128,3.721461166512687,2019-05-08,2025,Science,128
129,Student_129,2.0139042610623816,2019-05-09,2025,Arts,62
130,Student_130,3.0214946051551315,2019-05-10,2026,Science,108
131,Student_131,2.834822006297558,2019-05-11,2023,Science,118
132,Student_132,2.4442156209414607,2019-05-12,2023,Arts,20
133,Student_133,2.239730734667366,2019-05-13,2024,Business,12
134,Student_134,2.675230342807256,2019-05-14,2023,Engineering,3
135,Student_135,3.8858194078250383,2019-05-15,2025,Business,101
136,Student_136,2.6464058640415105,2019-05-16,2023,Arts,58
137,Student_137,3.0375812434867324,2019-05-17,2024,Science,127
138,Student_138,3.4060379177903557,2019-05-18,2026,Business,26
139,Student_139,2.727259204758588,2019-05-19,2024,Engineering,68
140,Student_140,3.9435641654419213,2019-05-20,2024,Arts,24
141,Student_141,3.9248945898842225,2019-05-21,2026,Business,96
142,Student_142,2.5035645916507283,2019-05-22,2024,Engineering,24
143,Student_143,2.994497011784771,2019-05-23,2024,Arts,125
144,Student_144,2.601756619633539,2019-05-24,2023,Engineering,8
145,Student_145,2.5696809887549352,2019-05-25,2023,Arts,115
146,Student_146,2.0737738947090656,2019-05-26,2026,Science,59
147,Student_147,3.2191286679597937,2019-05-27,2023,Business,120
148,Student_148,3.005358046457723,2019-05-28,2023,Engineering,107
149,Student_149,2.1029575024999785,2019-05-29,2024,Arts,107
150,Student_150,2.557292928473223,2019-05-30,2025,Engineering,75
151,Student_151,3.8165317719333074,2019-05-31,2023,Engineering,29
152,Student_152,2.4791237813339446,2019-06-01,2025,Business,20
153,Student_153,2.289789744182446,2019-06-02,2023,Science,33
154,Student_154,2.9789055205551263,2019-06-03,2023,Engineering,40
155,Student_155,3.9713009082212016,2019-06-04,2026,Arts,50
156,Student_156,2.484110543023001,2019-06-05,2026,Arts,81
157,Student_157,3.344271094811757,2019-06-06,2026,Science,57
158,Student_158,3.523239230657435,2019-06-07,2025,Arts,74
159,Student_159,2.4752750879847993,2019-06-08,2024,Science,22
160,Student_160,3.456432697223719,2019-06-09,2023,Arts,127
161,Student_161,2.7355662654385062,2019-06-10,2023,Business,16
162,Student_162,3.2646116611871587,2019-06-11,2023,Engineering,68
163,Student_163,3.2670594215217896,2019-06-12,2025,Business,107
164,Student_164,3.071549368149517,2019-06-13,2026,Engineering,93
165,Student_165,2.1805795401088166,2019-06-14,2024,Engineering,14
166,Student_166,3.670604991178476,2019-06-15,2025,Engineering,90
167,Student_167,2.6415601299434717,2019-06-16,2026,Business,32
168,Student_168,2.3730370207997087,2019-06-17,2025,Engineering,124
169,Student_169,2.081550283109528,2019-06-18,2024,Business,15
170,Student_170,3.181785886376484,2019-06-19,2026,Science,65
171,Student_171,3.355128723684565,2019-06-20,2025,Arts,46
172,Student_172,2.033175657855712,2019-06-21,2024,Arts,123
173,Student_173,3.024186116598562,2019-06-22,2023,Engineering,0
174,Student_174,2.452991550395876,2019-06-23,2024,Business,86
175,Student_175,3.2903455808189,2019-06-24,2023,Arts,127
176,Student_176,2.348732858009983,2019-06-25,2025,Business,66
177,Student_177,3.381875476204932,2019-06-26,2026,Business,3
178,Student_178,2.773470692601075,2019-06-27,2026,Engineering,46
179,Student_179,3.873459977473469,2019-06-28,2025,Arts,37
180,Student_180,2.2750418882919865,2019-06-29,2026,Engineering,20
181,Student_181,2.682132702100517,2019-06-30,2026,Engineering,56
182,Student_182,2.226947042481178,2019-07-01,2023,Arts,116
183,Student_183,3.8493872365571256,2019-07-02,2025,Arts,45
184,Student_184,3.754678706761962,2019-07-03,2024,Science,38
185,Student_185,2.515883255430311,2019-07-04,2023,Science,98
186,Student_186,3.319968092068358,2019-07-05,2025,Business,76
187,Student_187,3.6344444004024314,2019-07-06,2023,Arts,114
188,Student_188,3.110401623198925,2019-07-07,2024,Science,90
189,Student_189,3.0593011567120127,2019-07-08,2024,Business,97
190,Student_190,2.4837045818009034,2019-07-09,2025,Business,119
191,Student_191,2.1862055356117986,2019-07-10,2024,Business,45
192,Student_192,3.7944315159066537,2019-07-11,2023,Science,37
193,Student_193,3.800836114326661,2019-07-12,2024,Arts,99
194,Student_194,3.266202914546536,2019-07-13,2023,Engineering,71
195,Student_195,2.6780595820974016,2019-07-14,2023,Business,34
196,Student_196,2.698419149225322,2019-07-15,2024,Science,29
197,Student_197,3.451911357740479,2019-07-16,2025,Science,77
198,Student_198,3.794220519905154,2019-07-17,2026,Engineering,83
199,Student_199,3.7741728485302346,2019-07-18,2024,Engineering,112
200,Student_200,3.5597510917152477,2019-07-19,2023,Science,24
201,Student_201,3.2840632923085753,2019-07-20,2023,Arts,87
202,Student_202,2.1682799299900974,2019-07-21,2024,Engineering,13
203,Student_203,2.3232574281892275,2019-07-22,2025,Science,101
204,Student_204,3.7971083770541583,2019-07-23,2025,Engineering,82
205,Student_205,3.21285811931918,2019-07-24,2023,Arts,109
206,Student_206,2.018394103233259,2019-07-25,2023,Business,18
207,Student_207,2.2029430857320644,2019-07-26,2025,Engineering,27
208,Student_208,3.3270035382161116,2019-07-27,2026,Arts,70
209,Student_209,2.0101231676924374,2019-07-28,2024,Science,62
210,Student_210,2.321616102834997,2019-07-29,2023,Engineering,72
211,Student_211,3.0974675787331725,2019-07-30,2023,Engineering,123
212,Student_212,3.3837903953853865,2019-07-31,2025,Science,118
213,Student_213,3.303922519005201,2019-08-01,2024,Business,120
214,Student_214,2.44853861892112,2019-08-02,2025,Science,18
215,Student_215,3.4243584426950715,2019-08-03,2024,Engineering,119
216,Student_216,2.4744981749936,2019-08-04,2024,Science,60
217,Student_217,2.6507993963185355,2019-08-05,2024,Arts,29
218,Student_218,3.4929828102360485,2019-08-06,2023,Science,8
219,Student_219,3.2992657980944293,2019-08-07,2026,Engineering,63
220,Student_220,3.698446820988356,2019-08-08,2025,Science,119
221,Student_221,3.3152257846006865,2019-08-09,2026,Business,51
222,Student_222,3.1366172066709432,2019-08-10,2025,Science,88
223,Student_223,2.187349535656185,2019-08-11,2024,Business,52
224,Student_224,2.7354316061188673,2019-08-12,2023,Arts,77
225,Student_225,2.530404735363451,2019-08-13,2026,Business,40
226,Student_226,2.487979286758167,2019-08-14,2023,Science,67
227,Student_227,3.9460211095048914,2019-08-15,2025,Engineering,7
228,Student_228,2.786195449333521,2019-08-16,2023,Business,1
229,Student_229,3.7840931103542266,2019-08-17,2023,Arts,104
230,Student_230,3.262277251994526,2019-08-18,2026,Business,124
231,Student_231,3.589622607083297,2019-08-19,2024,Business,109
232,Student_232,3.005274186210384,2019-08-20,2023,Business,85
233,Student_233,3.153807769252718,2019-08-21,2024,Arts,119
234,Student_234,2.985035387637728,2019-08-22,2025,Science,126
235,Student_235,2.390485975596089,2019-08-23,2023,Business,15
236,Student_236,3.4449042305230106,2019-08-24,2026,Business,61
237,Student_237,2.5615447248817116,2019-08-25,2025,Engineering,112
238,Student_238,2.0486319328629077,2019-08-26,2025,Arts,11
239,Student_239,3.290944591814336,2019-08-27,2026,Business,34
240,Student_240,2.354221358814098,2019-08-28,2023,Arts,10
241,Student_241,3.8809171687058286,2019-08-29,2023,Business,63
242,Student_242,3.9078571540051747,2019-08-30,2025,Science,49
243,Student_243,3.829728780440897,2019-08-31,2023,Science,68
244,Student_244,2.7403174005108886,2019-09-01,2024,Business,47
245,Student_245,2.030913233057735,2019-09-02,2026,Science,19
246,Student_246,3.8566371251754505,2019-09-03,2024,Business,100
247,Student_247,2.8563682966346287,2019-09-04,2023,Science,67
248,Student_248,3.933309638087339,2019-09-05,2025,Engineering,34
249,Student_249,3.9272399541785057,2019-09-06,2026,Engineering,64
250,Student_250,3.70601891093472,2019-09-07,2023,Engineering,7
251,Student_251,2.5888977841391716,2019-09-08,2023,Arts,44
252,Student_252,2.7701954572038505,2019-09-09,2025,Arts,86
253,Student_253,3.702273343033714,2019-09-10,2025,Engineering,75
254,Student_254,2.633844010312555,2019-09-11,2024,Arts,75
255,Student_255,2.338985493372185,2019-09-12,2026,Science,46
256,Student_256,3.1136025249167005,2019-09-13,2026,Business,14
257,Student_257,3.872309548321562,2019-09-14,2025,Business,104
258,Student_258,3.392059593349946,2019-09-15,2024,Business,25
259,Student_259,3.14012234017873,2019-09-16,2026,Engineering,51
260,Student_260,2.194352987541537,2019-09-17,2025,Arts,92
261,Student_261,3.2300144533983395,2019-09-18,2023,Science,20
262,Student_262,3.9801077002085266,2019-09-19,2026,Science,50
263,Student_263,2.280168030473048,2019-09-20,2024,Engineering,37
264,Student_264,3.0366593047274737,2019-09-21,2024,Science,19
265,Student_265,3.754746143855911,2019-09-22,2024,Science,54
266,Student_266,3.4815372355084087,2019-09-23,2023,Science,91
267,Student_267,3.394031481990536,2019-09-24,2026,Science,27
268,Student_268,3.4049681679742188,2019-09-25,2026,Arts,3
269,Student_269,2.7189823024395103,2019-09-26,2023,Science,75
270,Student_270,2.5871836885289867,2019-09-27,2026,Business,66
271,Student_271,3.6187223109570272,2019-09-28,2023,Engineering,85
272,Student_272,3.6202267893583615,2019-09-29,2023,Arts,90
273,Student_273,3.7341446371602074,2019-09-30,2023,Science,104
274,Student_274,3.8264811051129426,2019-10-01,2024,Arts,0
275,Student_275,3.0226847977218756,2019-10-02,2026,Science,71
276,Student_276,3.003032589374399,2019-10-03,2023,Business,86
277,Student_277,3.5965903579335503,2019-10-04,2026,Engineering,5
278,Student_278,3.2999278615555303,2019-10-05,2024,Science,60
279,Student_279,3.403933754515407,2019-10-06,2023,Science,11
280,Student_280,3.591585338872202,2019-10-07,2025,Science,5
281,Student_281,3.7800106836351324,2019-10-08,2024,Science,26
282,Student_282,2.6759903137030716,2019-10-09,2025,Engineering,123
283,Student_283,2.751165905279888,2019-10-10,2026,Engineering,105
284,Student_284,2.187963879681738,2019-10-11,2026,Business,92
285,Student_285,3.156560281992348,2019-10-12,2024,Engineering,108
286,Student_286,2.071884547593484,2019-10-13,2026,Science,98
287,Student_287,2.9311960362649203,2019-10-14,2025,Business,34
288,Student_288,3.0852892694151532,2019-10-15,2023,Business,83
289,Student_289,2.573082504256569,2019-10-16,2023,Business,55
290,Student_290,3.1816665211380215,2019-10-17,2023,Science,48
291,Student_291,2.061000499878099,2019-10-18,2024,Arts,45
292,Student_292,2.074696377498429,2019-10-19,2026,Science,112
293,Student_293,3.6452011213193165,2019-10-20,2025,Engineering,42
294,Student_294,2.720381282822526,2019-10-21,2026,Engineering,123
295,Student_295,2.2541210253037693,2019-10-22,2026,Science,96
296,Student_296,3.0444865201096087,2019-10-23,2026,Science,89
297,Student_297,3.5399871061972217,2019-10-24,2023,Business,38
298,Student_298,2.431642054993686,2019-10-25,2025,Science,84
299,Student_299,3.2457809516380003,2019-10-26,2025,Business,61
300,Student_300,2.170694929987536,2019-10-27,2026,Engineering,105
301,Student_301,2.1033634423372156,2019-10-28,2023,Business,106
302,Student_302,3.0627092631362958,2019-10-29,2023,Science,53
303,Student_303,3.081270243220213,2019-10-30,2025,Engineering,125
304,Student_304,3.274859802996413,2019-10-31,2023,Arts,8
305,Student_305,3.452182667445323,2019-11-01,2023,Business,87
306,Student_306,3.951704158925069,2019-11-02,2023,Engineering,36
307,Student_307,3.0326006966023904,2019-11-03,2024,Business,48
308,Student_308,2.645912945882492,2019-11-04,2026,Engineering,40
309,Student_309,3.590372389537407,2019-11-05,2025,Engineering,16
310,Student_310,2.5416645025241484,2019-11-06,2025,Business,87
311,Student_311,2.877942841411272,2019-11-07,2024,Arts,20
312,Student_312,2.1569127626845317,2019-11-08,2026,Engineering,50
313,Student_313,2.0507014868309152,2019-11-09,2025,Engineering,58
314,Student_314,3.92529682935585,2019-11-10,2023,Engineering,40
315,Student_315,3.6719602410244114,2019-11-11,2025,Arts,38
316,Student_316,3.391948412187396,2019-11-12,2023,Arts,10
317,Student_317,2.8179058888285398,2019-11-13,2024,Science,76
318,Student_318,2.3465886401416913,2019-11-14,2023,Business,126
319,Student_319,2.3128740853421723,2019-11-15,2025,Arts,45
320,Student_320,2.5004857963291904,2019-11-16,2025,Business,44
321,Student_321,3.0984533294122407,2019-11-17,2025,Science,0
322,Student_322,3.4291918454001244,2019-11-18,2024,Business,107
323,Student_323,3.3203947534354628,2019-11-19,2024,Arts,18
324,Student_324,2.5598677938918857,2019-11-20,2026,Business,75
325,Student_325,3.909730561326388,2019-11-21,2025,Arts,71
326,Student_326,3.475793833391537,2019-11-22,2023,Business,108
327,Student_327,3.108708105022801,2019-11-23,2024,Arts,11
328,Student_328,3.2234414924687043,2019-11-24,2025,Arts,44
329,Student_329,2.83920012485558,2019-11-25,2025,Business,89
330,Student_330,2.495461979002315,2019-11-26,2024,Science,102
331,Student_331,2.711945357302523,2019-11-27,2026,Engineering,7
332,Student_332,3.515692220928738,2019-11-28,2024,Science,90
333,Student_333,2.0287869772595117,2019-11-29,2024,Business,86
334,Student_334,2.2321452810138327,2019-11-30,2023,Science,83
335,Student_335,2.0920052840435055,2019-12-01,2023,Arts,81
336,Student_336,2.08145760463794,2019-12-02,2026,Engineering,67
337,Student_337,3.7109211680220144,2019-12-03,2025,Business,126
338,Student_338,3.4073157187600476,2019-12-04,2024,Business,81
339,Student_339,2.9483476581746504,2019-12-05,2026,Business,83
340,Student_340,2.195668321302003,2019-12-06,2023,Engineering,112
341,Student_341,2.9832317502336645,2019-12-07,2024,Arts,75
342,Student_342,2.946943541561131,2019-12-08,2025,Business,121
343,Student_343,2.3464037398200306,2019-12-09,2023,Science,40
344,Student_344,2.867703298475946,2019-12-10,2023,Business,1
345,Student_345,2.797009468794747,2019-12-11,2023,Business,28
346,Student_346,3.231700196104433,2019-12-12,2026,Business,104
347,Student_347,3.2701873017352874,2019-12-13,2025,Business,50
348,Student_348,2.090608019544089,2019-12-14,2024,Arts,74
349,Student_349,2.7492252292529424,2019-12-15,2026,Science,9
350,Student_350,3.2517198314284728,2019-12-16,2026,Arts,50
351,Student_351,3.006272517160175,2019-12-17,2026,Science,117
352,Student_352,3.7129796823766448,2019-12-18,2023,Business,120
353,Student_353,3.3173872632378902,2019-12-19,2025,Engineering,38
354,Student_354,2.3258688541628594,2019-12-20,2026,Arts,27
355,Student_355,2.1411374948008595,2019-12-21,2024,Engineering,2
356,Student_356,3.2848385564126312,2019-12-22,2025,Arts,83
357,Student_357,2.053022621083244,2019-12-23,2024,Business,116
358,Student_358,3.1715511625469266,2019-12-24,2025,Arts,1
359,Student_359,3.880460482849915,2019-12-25,2024,Business,92
360,Student_360,3.150948355751758,2019-12-26,2023,Arts,93
361,Student_361,2.776339852413044,2019-12-27,2026,Business,39
362,Student_362,3.2865764368847064,2019-12-28,2024,Business,1
363,Student_363,2.9165057809830333,2019-12-29,2025,Science,80
364,Student_364,3.09123357863187,2019-12-30,2026,Business,11
365,Student_365,3.8829296175530503,2019-12-31,2026,Science,64
366,Student_366,2.7722052756015483,2020-01-01,2025,Business,54
367,Student_367,3.9223811276478284,2020-01-02,2024,Engineering,44
368,Student_368,3.8107012839121275,2020-01-03,2023,Business,100
369,Student_369,2.391582269578593,2020-01-04,2023,Engineering,61
370,Student_370,2.138722601750331,2020-01-05,2024,Engineering,48
371,Student_371,2.2015560027548533,2020-01-06,2026,Business,126
372,Student_372,2.0364436513030997,2020-01-07,2026,Engineering,22
373,Student_373,2.188885921511857,2020-01-08,2026,Science,37
374,Student_374,3.366013546832714,2020-01-09,2026,Arts,27
375,Student_375,2.1423772969204578,2020-01-10,2024,Business,20
376,Student_376,2.6379512605875224,2020-01-11,2026,Engineering,106
377,Student_377,3.6897506219389093,2020-01-12,2025,Business,98
378,Student_378,2.046543871471652,2020-01-13,2026,Science,118
379,Student_379,3.6289369651778713,2020-01-14,2023,Business,72
380,Student_380,2.5637095495468,2020-01-15,2026,Business,121
381,Student_381,2.2363296552433125,2020-01-16,2024,Engineering,29
382,Student_382,3.393474330728301,2020-01-17,2023,Science,107
383,Student_383,3.2578856935597678,2020-01-18,2024,Arts,97
384,Student_384,3.7549440270541057,2020-01-19,2024,Arts,31
385,Student_385,3.4701420876077718,2020-01-20,2023,Engineering,78
386,Student_386,3.6069618607696974,2020-01-21,2024,Business,40
387,Student_387,2.564069145142613,2020-01-22,2024,Engineering,62
388,Student_388,2.3548790875594454,2020-01-23,2026,Engineering,22
389,Student_389,3.5012295032817167,2020-01-24,2025,Engineering,103
390,Student_390,3.6136694785345282,2020-01-25,2024,Business,74
391,Student_391,3.9810102840013464,2020-01-26,2024,Science,47
392,Student_392,2.825235353822853,2020-01-27,2024,Engineering,56
393,Student_393,2.7440361715855666,2020-01-28,2026,Business,117
394,Student_394,3.5528259214839935,2020-01-29,2025,Science,99
395,Student_395,2.6816070805060357,2020-01-30,2023,Engineering,123
396,Student_396,3.8615146512071297,2020-01-31,2026,Arts,33
397,Student_397,3.7168255036860236,2020-02-01,2026,Science,6
398,Student_398,2.8579880547500367,2020-02-02,2025,Engineering,55
399,Student_399,3.5017421355829947,2020-02-03,2025,Science,64
400,Student_400,3.5090857481693645,2020-02-04,2026,Science,46
401,Student_401,2.206247737671865,2020-02-05,2023,Science,18
402,Student_402,3.805105813359133,2020-02-06,2026,Science,125
403,Student_403,3.010504744895714,2020-02-07,2025,Science,48
404,Student_404,3.6529149322154835,2020-02-08,2023,Science,112
405,Student_405,2.6400992020612235,2020-02-09,2025,Engineering,37
406,Student_406,3.791046456992401,2020-02-10,2023,Arts,63
407,Student_407,2.778403357468326,2020-02-11,2024,Business,68
408,Student_408,2.0216753029605967,2020-02-12,2025,Science,115
409,Student_409,3.8107639528385273,2020-02-13,2025,Business,64
410,Student_410,2.182573353572267,2020-02-14,2026,Engineering,30
411,Student_411,2.6386272751808297,2020-02-15,2025,Science,112
412,Student_412,3.90012393410161,2020-02-16,2025,Arts,108
413,Student_413,3.901214293875112,2020-02-17,2024,Business,68
414,Student_414,3.1468757762465724,2020-02-18,2025,Science,119
415,Student_415,3.2636744243395985,2020-02-19,2024,Engineering,87
416,Student_416,2.8968910439566393,2020-02-20,2024,Arts,66
417,Student_417,2.586421543396129,2020-02-21,2024,Business,74
418,Student_418,2.657329090739832,2020-02-22,2024,Business,44
419,Student_419,3.345036912154077,2020-02-23,2023,Science,3
420,Student_420,3.50474905887536,2020-02-24,2026,Arts,106
421,Student_421,3.583158087451697,2020-02-25,2023,Arts,50
422,Student_422,3.579236285589108,2020-02-26,2025,Arts,49
423,Student_423,2.1824122060973807,2020-02-27,2023,Arts,5
424,Student_424,2.988840609405163,2020-02-28,2023,Engineering,58
425,Student_425,2.1151175200332886,2020-02-29,2025,Arts,124
426,Student_426,3.099057764647471,2020-03-01,2025,Business,29
427,Student_427,2.883061002746754,2020-03-02,2025,Business,121
428,Student_428,3.7754083655165998,2020-03-03,2023,Engineering,124
429,Student_429,2.701830025104157,2020-03-04,2023,Business,36
430,Student_430,2.234134032855212,2020-03-05,2025,Business,123
431,Student_431,2.2859833641056717,2020-03-06,2026,Arts,100
432,Student_432,3.5230212634349445,2020-03-07,2026,Business,34
433,Student_433,3.236436126632522,2020-03-08,2024,Engineering,86
434,Student_434,2.2022453522455807,2020-03-09,2025,Arts,17
435,Student_435,2.168213612229995,2020-03-10,2024,Science,112
436,Student_436,3.40193826291824,2020-03-11,2026,Arts,28
437,Student_437,2.145526012728387,2020-03-12,2024,Engineering,76
438,Student_438,3.6437201185807124,2020-03-13,2025,Arts,58
439,Student_439,3.4124844543129926,2020-03-14,2025,Arts,125
440,Student_440,2.1626975612837995,2020-03-15,2025,Engineering,108
441,Student_441,2.169675428170384,2020-03-16,2023,Arts,21
442,Student_442,3.973279157002351,2020-03-17,2024,Engineering,67
443,Student_443,2.7485415915122404,2020-03-18,2026,Engineering,68
444,Student_444,2.7412842941337816,2020-03-19,2026,Science,48
445,Student_445,3.625599134515005,2020-03-20,2026,Business,108
446,Student_446,3.894497154767717,2020-03-21,2023,Business,85
447,Student_447,3.972002127645742,2020-03-22,2023,Arts,52
448,Student_448,3.5067563705178832,2020-03-23,2025,Arts,122
449,Student_449,2.7525191710618317,2020-03-24,2026,Science,86
450,Student_450,2.1670014333973375,2020-03-25,2023,Science,41
451,Student_451,3.5542938318548734,2020-03-26,2025,Science,97
452,Student_452,3.11680849947161,2020-03-27,2026,Engineering,108
453,Student_453,2.848444018493953,2020-03-28,2024,Science,50
454,Student_454,3.812708770189472,2020-03-29,2025,Science,84
455,Student_455,2.2223949646123025,2020-03-30,2023,Arts,126
456,Student_456,2.9852502085817183,2020-03-31,2023,Science,20
457,Student_457,2.0227072895348384,2020-04-01,2025,Engineering,43
458,Student_458,2.9373212839882523,2020-04-02,2025,Engineering,102
459,Student_459,2.1126065513636747,2020-04-03,2023,Arts,67
460,Student_460,2.237635832536144,2020-04-04,2024,Science,128
461,Student_461,2.2350524935542095,2020-04-05,2026,Science,91
462,Student_462,3.298420604232127,2020-04-06,2024,Engineering,23
463,Student_463,3.4920897585308466,2020-04-07,2025,Science,124
464,Student_464,3.166737530194319,2020-04-08,2024,Science,110
465,Student_465,3.924345096949084,2020-04-09,2023,Science,97
466,Student_466,2.7497411590474083,2020-04-10,2025,Business,16
467,Student_467,2.5714241725637215,2020-04-11,2026,Arts,98
468,Student_468,3.7371982563789206,2020-04-12,2023,Business,81
469,Student_469,2.447191677038905,2020-04-13,2023,Arts,103
470,Student_470,3.9264450788812226,2020-04-14,2026,Engineering,18
471,Student_471,2.0243089493796327,2020-04-15,2026,Science,84
472,Student_472,3.939757653415278,2020-04-16,2024,Arts,7
473,Student_473,2.0863198239011522,2020-04-17,2025,Business,27
474,Student_474,3.782286227396142,2020-04-18,2026,Science,4
475,Student_475,3.0554022181726,2020-04-19,2026,Engineering,100
476,Student_476,3.985929592238601,2020-04-20,2025,Arts,117
477,Student_477,2.1475931294707977,2020-04-21,2026,Arts,63
478,Student_478,3.1077085688026416,2020-04-22,2026,Arts,90
479,Student_479,3.938605071238198,2020-04-23,2024,Science,116
480,Student_480,3.0461956883402976,2020-04-24,2023,Business,97
481,Student_481,3.258797276270525,2020-04-25,2023,Business,10
482,Student_482,3.3914973779692343,2020-04-26,2023,Arts,53
483,Student_483,2.9090821295355465,2020-04-27,2023,Engineering,46
484,Student_484,3.255116160168127,2020-04-28,2026,Engineering,4
485,Student_485,3.1686286238462005,2020-04-29,2025,Business,19
486,Student_486,3.802316020981978,2020-04-30,2025,Engineering,45
487,Student_487,2.090892760682916,2020-05-01,2024,Business,11
488,Student_488,2.5619263791844604,2020-05-02,2024,Arts,69
489,Student_489,3.9008229681531175,2020-05-03,2026,Business,16
490,Student_490,3.7805275677818324,2020-05-04,2025,Business,114
491,Student_491,2.911313505571426,2020-05-05,2025,Arts,47
492,Student_492,3.2402651956030732,2020-05-06,2023,Engineering,107
493,Student_493,2.554762365962265,2020-05-07,2026,Business,51
494,Student_494,2.3762423194475226,2020-05-08,2026,Business,95
495,Student_495,2.9273968098799643,2020-05-09,2023,Arts,69
496,Student_496,2.7067044560521056,2020-05-10,2026,Engineering,101
497,Student_497,3.167312223701744,2020-05-11,2026,Business,74
498,Student_498,2.1554692739299695,2020-05-12,2024,Arts,81
499,Student_499,3.948789615332333,2020-05-13,2025,Business,91
500,Student_500,3.9724214889592058,2020-05-14,2026,Science,3
501,Student_501,3.3963234280394903,2020-05-15,2024,Arts,108
502,Student_502,3.072192732688241,2020-05-16,2025,Engineering,47
503,Student_503,2.6190552325726557,2020-05-17,2023,Engineering,72
504,Student_504,3.6275900394138976,2020-05-18,2024,Engineering,71
505,Student_505,3.3694623451077588,2020-05-19,2024,Engineering,115
506,Student_506,2.3252338786897826,2020-05-20,2025,Business,80
507,Student_507,3.821854368987685,2020-05-21,2023,Business,80
508,Student_508,3.645074485846338,2020-05-22,2024,Engineering,112
509,Student_509,3.899599826583848,2020-05-23,2026,Engineering,95
510,Student_510,3.45143901677672,2020-05-24,2026,Engineering,71
511,Student_511,3.2268303918715797,2020-05-25,2026,Business,62
512,Student_512,2.8364860725812377,2020-05-26,2023,Engineering,37
513,Student_513,3.8654569667080265,2020-05-27,2024,Engineering,66
514,Student_514,3.732127779000817,2020-05-28,2026,Science,68
515,Student_515,2.090437340212379,2020-05-29,2023,Science,12
516,Student_516,2.0527339489945042,2020-05-30,2026,Engineering,30
517,Student_517,2.752926733756099,2020-05-31,2025,Arts,113
518,Student_518,3.621106661563666,2020-06-01,2024,Engineering,21
519,Student_519,3.974552258629889,2020-06-02,2024,Science,92
520,Student_520,2.3008337822070564,2020-06-03,2023,Arts,66
521,Student_521,3.1882614307042703,2020-06-04,2023,Arts,53
522,Student_522,2.7617817132620432,2020-06-05,2024,Engineering,41
523,Student_523,3.9398287956292064,2020-06-06,2026,Science,63
524,Student_524,3.6842378462714174,2020-06-07,2026,Science,125
525,Student_525,3.6766574094222757,2020-06-08,2025,Arts,20
526,Student_526,2.9373863195899403,2020-06-09,2026,Engineering,34
527,Student_527,2.8296390046753306,2020-06-10,2023,Business,29
528,Student_528,2.5468141438614125,2020-06-11,2023,Business,56
529,Student_529,2.1127509933018542,2020-06-12,2026,Science,46
530,Student_530,3.7294447525101067,2020-06-13,2023,Business,18
531,Student_531,3.6258020182601554,2020-06-14,2024,Science,113
532,Student_532,3.999435346572261,2020-06-15,2024,Science,7
533,Student_533,3.9932736741478108,2020-06-16,2026,Science,25
534,Student_534,3.110863411205255,2020-06-17,2024,Business,112
535,Student_535,3.537974830361021,2020-06-18,2024,Science,70
536,Student_536,3.8895314597648563,2020-06-19,2025,Arts,29
537,Student_537,3.6992947813548227,2020-06-20,2025,Engineering,66
538,Student_538,2.494696203486395,2020-06-21,2024,Engineering,64
539,Student_539,2.9010882706201873,2020-06-22,2026,Science,35
540,Student_540,2.25831883030299,2020-06-23,2025,Engineering,24
541,Student_541,3.9081020545174447,2020-06-24,2023,Business,36
542,Student_542,3.21234926890176,2020-06-25,2023,Business,0
543,Student_543,2.4572856110069257,2020-06-26,2023,Engineering,36
544,Student_544,3.3434013688117137,2020-06-27,2026,Business,127
545,Student_545,3.2362564809157917,2020-06-28,2024,Engineering,126
546,Student_546,2.7163254360656808,2020-06-29,2023,Engineering,0
547,Student_547,2.227115184399258,2020-06-30,2026,Engineering,34
548,Student_548,3.3431463911855994,2020-07-01,2025,Science,103
549,Student_549,3.0406154018075866,2020-07-02,2024,Engineering,22
550,Student_550,3.5446367834712786,2020-07-03,2025,Science,8
551,Student_551,3.0403270022239868,2020-07-04,2026,Engineering,33
552,Student_552,3.7043630006370805,2020-07-05,2023,Engineering,127
553,Student_553,3.1038136775489713,2020-07-06,2023,Engineering,3
554,Student_554,3.1218759430707728,2020-07-07,2026,Business,101
555,Student_555,3.7533072053166903,2020-07-08,2023,Science,74
556,Student_556,2.806965732424794,2020-07-09,2024,Science,98
557,Student_557,2.2680304569012817,2020-07-10,2026,Engineering,71
558,Student_558,2.057565352626678,2020-07-11,2025,Engineering,2
559,Student_559,3.5102745113472382,2020-07-12,2026,Business,33
560,Student_560,3.2406191027069293,2020-07-13,2024,Business,44
561,Student_561,3.408159536198447,2020-07-14,2024,Business,60
562,Student_562,2.4259283230178212,2020-07-15,2026,Science,82
563,Student_563,2.2727429511735395,2020-07-16,2026,Science,122
564,Student_564,2.029089331335764,2020-07-17,2023,Science,101
565,Student_565,2.701175117613194,2020-07-18,2024,Engineering,15
566,Student_566,3.179835373709266,2020-07-19,2026,Science,65
567,Student_567,2.7844880901994644,2020-07-20,2026,Arts,118
568,Student_568,2.874949844047458,2020-07-21,2024,Arts,123
569,Student_569,3.808317388987497,2020-07-22,2026,Business,101
570,Student_570,2.696510934046601,2020-07-23,2023,Science,65
571,Student_571,3.027978978319622,2020-07-24,2024,Arts,12
572,Student_572,3.567306025482286,2020-07-25,2023,Business,110
573,Student_573,2.7930855646425403,2020-07-26,2023,Science,33
574,Student_574,3.2441734004557468,2020-07-27,2023,Engineering,38
575,Student_575,3.72472741749349,2020-07-28,2023,Arts,119
576,Student_576,3.8990412473152842,2020-07-29,2024,Engineering,125
577,Student_577,2.294146961858076,2020-07-30,2023,Science,54
578,Student_578,3.853175250322989,2020-07-31,2023,Arts,26
579,Student_579,2.9842325861590764,2020-08-01,2026,Science,117
580,Student_580,2.5164887765979165,2020-08-02,2024,Engineering,52
581,Student_581,2.9182715124765224,2020-08-03,2024,Arts,38
582,Student_582,3.960065150570954,2020-08-04,2025,Engineering,64
583,Student_583,2.9852361879857394,2020-08-05,2024,Science,12
584,Student_584,2.657503220575016,2020-08-06,2024,Science,20
585,Student_585,3.2668017086334515,2020-08-07,2025,Engineering,52
586,Student_586,2.4802912375563864,2020-08-08,2024,Arts,18
587,Student_587,2.1517266562173276,2020-08-09,2024,Engineering,56
588,Student_588,2.2577594438212985,2020-08-10,2024,Science,24
589,Student_589,2.2560916779155447,2020-08-11,2024,Engineering,30
590,Student_590,2.303805387024589,2020-08-12,2025,Science,80
591,Student_591,2.2776543452988203,2020-08-13,2024,Engineering,22
592,Student_592,3.281749489606429,2020-08-14,2024,Arts,31
593,Student_593,2.3637601687982897,2020-08-15,2025,Arts,73
594,Student_594,2.6913345666477264,2020-08-16,2026,Engineering,9
595,Student_595,3.7935768198120234,2020-08-17,2023,Engineering,53
596,Student_596,2.9479232805257447,2020-08-18,2026,Arts,51
597,Student_597,3.3351154770420544,2020-08-19,2025,Science,113
598,Student_598,2.3446397424032597,2020-08-20,2023,Arts,13
599,Student_599,2.3845780376173416,2020-08-21,2025,Science,109
600,Student_600,2.0817372325329577,2020-08-22,2025,Engineering,52
601,Student_601,2.3378701261443293,2020-08-23,2024,Engineering,78
602,Student_602,2.5571806780639172,2020-08-24,2023,Science,21
603,Student_603,2.3540209685534936,2020-08-25,2024,Engineering,29
604,Student_604,2.177405067514111,2020-08-26,2023,Science,3
605,Student_605,2.2412717422012016,2020-08-27,2025,Business,58
606,Student_606,2.9215575360654515,2020-08-28,2025,Arts,7
607,Student_607,2.412667436811585,2020-08-29,2026,Business,11
608,Student_608,2.728539722096151,2020-08-30,2023,Science,118
609,Student_609,3.006834541709714,2020-08-31,2024,Arts,33
610,Student_610,3.3807896572587306,2020-09-01,2026,Science,81
611,Student_611,2.078624279682198,2020-09-02,2026,Arts,97
612,Student_612,3.5988207978180853,2020-09-03,2026,Arts,126
613,Student_613,3.2558007789818157,2020-09-04,2024,Arts,74
614,Student_614,2.163518063897744,2020-09-05,2026,Arts,104
615,Student_615,3.7471572482135542,2020-09-06,2024,Science,48
616,Student_616,3.8417448010636264,2020-09-07,2026,Arts,78
617,Student_617,2.1221559197097273,2020-09-08,2024,Arts,92
618,Student_618,2.5537552962944075,2020-09-09,2025,Business,17
619,Student_619,3.6124025595861227,2020-09-10,2025,Engineering,95
620,Student_620,3.4965193807673165,2020-09-11,2025,Engineering,37
621,Student_621,2.3690420387127546,2020-09-12,2025,Business,86
622,Student_622,2.4186986466734206,2020-09-13,2025,Business,87
623,Student_623,2.740944205582764,2020-09-14,2026,Science,49
624,Student_624,2.9690459703820427,2020-09-15,2026,Science,7
625,Student_625,3.236509543060592,2020-09-16,2026,Science,68
626,Student_626,2.7378272791395446,2020-09-17,2024,Business,120
627,Student_627,2.925069432266296,2020-09-18,2024,Business,63
628,Student_628,3.494941876267513,2020-09-19,2024,Arts,120
629,Student_629,2.073366405781196,2020-09-20,2024,Science,64
630,Student_630,2.5048738886880413,2020-09-21,2025,Science,106
631,Student_631,3.426699171769105,2020-09-22,2025,Science,99
632,Student_632,3.7904136753743987,2020-09-23,2025,Engineering,81
633,Student_633,3.023354884231332,2020-09-24,2023,Arts,50
634,Student_634,3.0642269705306315,2020-09-25,2026,Science,82
635,Student_635,2.214344022679552,2020-09-26,2024,Science,111
636,Student_636,2.8948247336469093,2020-09-27,2024,Science,55
637,Student_637,3.065234532910046,2020-09-28,2025,Engineering,59
638,Student_638,2.4849410072694593,2020-09-29,2024,Engineering,119
639,Student_639,2.5384864618987617,2020-09-30,2024,Business,22
640,Student_640,2.7545683262092453,2020-10-01,2026,Arts,12
641,Student_641,2.0401423955554527,2020-10-02,2025,Business,100
642,Student_642,2.6441583311663566,2020-10-03,2026,Arts,23
643,Student_643,2.422896013993089,2020-10-04,2023,Engineering,107
644,Student_644,2.654994704355829,2020-10-05,2023,Science,10
645,Student_645,2.2395242636385024,2020-10-06,2023,Business,16
646,Student_646,3.78105456147979,2020-10-07,2025,Science,24
647,Student_647,3.1871849071080973,2020-10-08,2024,Business,93
648,Student_648,3.358204638288979,2020-10-09,2025,Engineering,20
649,Student_649,3.578342477214677,2020-10-10,2025,Engineering,83
650,Student_650,2.9968843978581146,2020-10-11,2024,Engineering,36
651,Student_651,2.1738405761748476,2020-10-12,2026,Business,41
652,Student_652,3.074213083637096,2020-10-13,2023,Arts,100
653,Student_653,3.173682236041758,2020-10-14,2026,Business,47
654,Student_654,3.49087894836866,2020-10-15,2023,Arts,102
655,Student_655,2.863319092459359,2020-10-16,2025,Business,27
656,Student_656,2.2551606055911275,2020-10-17,2023,Business,40
657,Student_657,2.5675518115974487,2020-10-18,2025,Engineering,98
658,Student_658,2.72616459279727,2020-10-19,2026,Science,46
659,Student_659,3.2918344826632024,2020-10-20,2025,Science,104
660,Student_660,3.1415566093378238,2020-10-21,2026,Arts,123
661,Student_661,2.7121934517956925,2020-10-22,2024,Science,12
662,Student_662,3.9730304975859596,2020-10-23,2024,Business,99
663,Student_663,3.211549638713774,2020-10-24,2024,Business,30
664,Student_664,2.474453583471989,2020-10-25,2025,Engineering,129
665,Student_665,2.2035649452408075,2020-10-26,2024,Engineering,15
666,Student_666,2.305718278368664,2020-10-27,2023,Science,72
667,Student_667,2.491915456769016,2020-10-28,2026,Arts,53
668,Student_668,2.321362746519111,2020-10-29,2026,Science,99
669,Student_669,2.3731340481026115,2020-10-30,2023,Science,108
670,Student_670,2.570190337387694,2020-10-31,2025,Science,86
671,Student_671,2.3467471905895096,2020-11-01,2025,Science,7
672,Student_672,3.7935308492528503,2020-11-02,2026,Business,6
673,Student_673,2.1604674913232844,2020-11-03,2024,Arts,35
674,Student_674,3.0490227791405093,2020-11-04,2025,Business,17
675,Student_675,2.8207936539793232,2020-11-05,2025,Arts,2
676,Student_676,3.964757233817213,2020-11-06,2023,Engineering,27
677,Student_677,2.2240778043361047,2020-11-07,2023,Science,69
678,Student_678,2.7957111980914835,2020-11-08,2024,Business,27
679,Student_679,3.9389408665507375,2020-11-09,2025,Arts,53
680,Student_680,3.7310142517879603,2020-11-10,2025,Engineering,64
681,Student_681,3.6341441418985596,2020-11-11,2023,Engineering,99
682,Student_682,2.5158056540898794,2020-11-12,2025,Science,20
683,Student_683,2.341775174780132,2020-11-13,2026,Arts,12
684,Student_684,3.337286439848862,2020-11-14,2023,Business,56
685,Student_685,3.858751978255172,2020-11-15,2024,Science,48
686,Student_686,3.11352578602786,2020-11-16,2023,Business,117
687,Student_687,3.1432253789397997,2020-11-17,2025,Engineering,53
688,Student_688,2.5599581873205683,2020-11-18,2024,Business,52
689,Student_689,3.538985866383874,2020-11-19,2023,Business,43
690,Student_690,2.3740874971150467,2020-11-20,2026,Science,46
691,Student_691,2.647358472808487,2020-11-21,2026,Business,52
692,Student_692,2.850872877232834,2020-11-22,2023,Science,73
693,Student_693,3.01522075736891,2020-11-23,2026,Engineering,45
694,Student_694,2.4848194648301605,2020-11-24,2026,Science,12
695,Student_695,2.229673649478407,2020-11-25,2026,Science,101
696,Student_696,3.221240084883265,2020-11-26,2024,Arts,23
697,Student_697,2.5772611064805115,2020-11-27,2026,Business,1
698,Student_698,3.1624764428452243,2020-11-28,2026,Engineering,80
699,Student_699,2.308725430548405,2020-11-29,2026,Science,99
700,Student_700,2.9622802037096347,2020-11-30,2024,Engineering,110
701,Student_701,3.0651788651031717,2020-12-01,2023,Arts,101
702,Student_702,2.103647073644854,2020-12-02,2025,Business,16
703,Student_703,2.6732085563878414,2020-12-03,2026,Science,11
704,Student_704,2.2688293538779485,2020-12-04,2023,Business,115
705,Student_705,2.1267499409455355,2020-12-05,2026,Arts,23
706,Student_706,3.9799204647798905,2020-12-06,2024,Arts,28
707,Student_707,2.644707689949446,2020-12-07,2023,Engineering,121
708,Student_708,3.6197488917092695,2020-12-08,2024,Science,89
709,Student_709,2.5092813095275277,2020-12-09,2026,Engineering,64
710,Student_710,3.3630054444478583,2020-12-10,2026,Arts,83
711,Student_711,3.520455719779373,2020-12-11,2024,Business,118
712,Student_712,3.1912774812156885,2020-12-12,2025,Engineering,15
713,Student_713,2.9431523771003167,2020-12-13,2024,Engineering,103
714,Student_714,2.823681828294537,2020-12-14,2026,Business,91
715,Student_715,2.6977365330859904,2020-12-15,2024,Engineering,26
716,Student_716,3.8590582884956515,2020-12-16,2025,Business,32
717,Student_717,3.6612388155754583,2020-12-17,2024,Science,54
718,Student_718,3.930053821333025,2020-12-18,2025,Business,6
719,Student_719,2.2485944469710892,2020-12-19,2025,Science,56
720,Student_720,3.4617349504072887,2020-12-20,2024,Business,125
721,Student_721,3.8766809136420757,2020-12-21,2024,Arts,11
722,Student_722,2.3624661323313205,2020-12-22,2023,Arts,15
723,Student_723,2.132992534733555,2020-12-23,2026,Science,42
724,Student_724,3.482241298580118,2020-12-24,2025,Science,116
725,Student_725,3.148946226359824,2020-12-25,2023,Arts,110
726,Student_726,3.683657553516544,2020-12-26,2024,Science,50
727,Student_727,2.279544753252579,2020-12-27,2026,Business,74
728,Student_728,3.5905346237197806,2020-12-28,2023,Business,7
729,Student_729,2.403254640095489,2020-12-29,2025,Arts,44
730,Student_730,2.327311885731409,2020-12-30,2023,Engineering,58
731,Student_731,2.328531595861986,2020-12-31,2025,Business,103
732,Student_732,3.629149440462764,2021-01-01,2024,Science,97
733,Student_733,3.3303944413924,2021-01-02,2026,Engineering,78
734,Student_734,3.0461308495382386,2021-01-03,2026,Engineering,123
735,Student_735,2.7176609682470048,2021-01-04,2026,Business,3
736,Student_736,3.7544010816262166,2021-01-05,2024,Business,89
737,Student_737,2.7848902148452708,2021-01-06,2025,Engineering,103
738,Student_738,3.633198878943154,2021-01-07,2024,Engineering,118
739,Student_739,2.8782698171404366,2021-01-08,2026,Arts,55
740,Student_740,2.753888858849815,2021-01-09,2024,Science,95
741,Student_741,2.9253595713392126,2021-01-10,2024,Arts,74
742,Student_742,2.602755748328284,2021-01-11,2024,Business,31
743,Student_743,3.4952187603525022,2021-01-12,2025,Arts,27
744,Student_744,3.0054407801849585,2021-01-13,2023,Arts,21
745,Student_745,2.4644253902936346,2021-01-14,2023,Arts,16
746,Student_746,3.799149146549137,2021-01-15,2024,Arts,58
747,Student_747,2.767782442746423,2021-01-16,2023,Science,89
748,Student_748,3.087105722227977,2021-01-17,2023,Science,105
749,Student_749,3.8129442219290937,2021-01-18,2024,Engineering,25
750,Student_750,3.248475991827984,2021-01-19,2024,Business,24
751,Student_751,2.2337960814167284,2021-01-20,2026,Arts,44
752,Student_752,3.87966424722695,2021-01-21,2023,Engineering,82
753,Student_753,3.2554161061428357,2021-01-22,2025,Engineering,10
754,Student_754,2.6698112293141723,2021-01-23,2024,Engineering,103
755,Student_755,2.2785441453267747,2021-01-24,2026,Science,67
756,Student_756,3.5880503785405917,2021-01-25,2025,Arts,94
757,Student_757,3.240145511857027,2021-01-26,2023,Arts,64
758,Student_758,3.0669221839526433,2021-01-27,2026,Business,48
759,Student_759,3.7877851661019153,2021-01-28,2024,Arts,51
760,Student_760,3.5771944224490615,2021-01-29,2025,Arts,101
761,Student_761,2.3033497594655024,2021-01-30,2024,Engineering,56
762,Student_762,2.6234441355910967,2021-01-31,2023,Business,46
763,Student_763,2.4969782796289315,2021-02-01,2025,Arts,25
764,Student_764,3.487892585145354,2021-02-02,2023,Science,113
765,Student_765,2.067064869471559,2021-02-03,2023,Arts,4
766,Student_766,3.139779369742633,2021-02-04,2026,Engineering,83
767,Student_767,3.524917371481381,2021-02-05,2024,Science,51
768,Student_768,3.7535312735234987,2021-02-06,2025,Engineering,104
769,Student_769,2.6841634974318147,2021-02-07,2023,Arts,53
770,Student_770,3.6425146093440257,2021-02-08,2023,Science,14
771,Student_771,2.2212634739104145,2021-02-09,2025,Business,60
772,Student_772,3.692904583469036,2021-02-10,2023,Business,121
773,Student_773,2.254977324663965,2021-02-11,2026,Science,20
774,Student_774,2.7945745811207345,2021-02-12,2026,Science,45
775,Student_775,3.5945907315591072,2021-02-13,2026,Engineering,37
776,Student_776,2.2998348546975476,2021-02-14,2026,Science,61
777,Student_777,2.4585027904652828,2021-02-15,2023,Engineering,85
778,Student_778,3.4445051367861326,2021-02-16,2025,Arts,77
779,Student_779,3.4400730730921487,2021-02-17,2025,Engineering,45
780,Student_780,3.2822952657705944,2021-02-18,2025,Science,2
781,Student_781,3.3878968889342,2021-02-19,2025,Science,5
782,Student_782,3.0854488866951923,2021-02-20,2024,Arts,92
783,Student_783,2.5035981178139055,2021-02-21,2025,Science,7
784,Student_784,2.691391987007839,2021-02-22,2024,Science,107
785,Student_785,2.3631954336028516,2021-02-23,2024,Business,74
786,Student_786,3.8169011226672565,2021-02-24,2026,Business,76
787,Student_787,3.166783589532241,2021-02-25,2024,Arts,49
788,Student_788,2.80170283352728,2021-02-26,2023,Engineering,10
789,Student_789,2.924011607288265,2021-02-27,2024,Business,94
790,Student_790,3.8945666792236304,2021-02-28,2026,Engineering,69
791,Student_791,2.3067028062321606,2021-03-01,2024,Science,15
792,Student_792,3.1724596640335943,2021-03-02,2023,Business,67
793,Student_793,3.011777357768932,2021-03-03,2023,Arts,98
794,Student_794,3.222908470869296,2021-03-04,2023,Arts,47
795,Student_795,2.036220367641681,2021-03-05,2026,Arts,63
796,Student_796,3.744247817888303,2021-03-06,2026,Business,89
797,Student_797,3.864236564967225,2021-03-07,2025,Engineering,75
798,Student_798,3.130266367178418,2021-03-08,2026,Science,100
799,Student_799,3.3933016477537845,2021-03-09,2023,Engineering,88
800,Student_800,3.8449987623545914,2021-03-10,2023,Engineering,17
801,Student_801,3.414477268626797,2021-03-11,2026,Science,18
802,Student_802,2.305078085828523,2021-03-12,2024,Science,54
803,Student_803,3.1525767203336263,2021-03-13,2026,Business,101
804,Student_804,3.213430092765712,2021-03-14,2026,Business,117
805,Student_805,2.848261342604772,2021-03-15,2023,Business,3
806,Student_806,3.472888471249446,2021-03-16,2025,Business,107
807,Student_807,3.8687340295380297,2021-03-17,2023,Business,114
808,Student_808,3.8511370258135527,2021-03-18,2025,Science,28
809,Student_809,2.901678742808264,2021-03-19,2023,Engineering,58
810,Student_810,2.2264760916815103,2021-03-20,2026,Business,124
811,Student_811,3.969682397924669,2021-03-21,2023,Business,97
812,Student_812,3.677796172891868,2021-03-22,2023,Engineering,16
813,Student_813,2.249325362406534,2021-03-23,2023,Business,106
814,Student_814,3.8416837652347446,2021-03-24,2026,Engineering,42
815,Student_815,3.7397927241242566,2021-03-25,2026,Engineering,79
816,Student_816,3.037676114252144,2021-03-26,2026,Science,7
817,Student_817,3.1825508714898585,2021-03-27,2026,Arts,105
818,Student_818,2.7980054077402605,2021-03-28,2025,Science,7
819,Student_819,2.1095232776440627,2021-03-29,2025,Arts,95
820,Student_820,2.670394483291802,2021-03-30,2024,Arts,93
821,Student_821,3.605706897196023,2021-03-31,2026,Arts,64
822,Student_822,2.0092640460092057,2021-04-01,2025,Business,38
823,Student_823,2.6669983433822884,2021-04-02,2023,Science,80
824,Student_824,2.796337387181887,2021-04-03,2026,Arts,83
825,Student_825,3.0747912058758455,2021-04-04,2024,Engineering,87
826,Student_826,3.839711232825521,2021-04-05,2024,Business,85
827,Student_827,2.6926919887319225,2021-04-06,2024,Science,92
828,Student_828,2.6939064037924556,2021-04-07,2023,Arts,85
829,Student_829,3.4750024962194965,2021-04-08,2025,Engineering,43
830,Student_830,2.904435881779614,2021-04-09,2023,Science,73
831,Student_831,2.449209645879964,2021-04-10,2026,Science,35
832,Student_832,2.904879032265387,2021-04-11,2024,Business,100
833,Student_833,2.2817140407595997,2021-04-12,2023,Science,103
834,Student_834,2.3527739730124466,2021-04-13,2023,Business,65
835,Student_835,2.9967355454789595,2021-04-14,2025,Arts,54
836,Student_836,2.837850899009096,2021-04-15,2025,Business,90
837,Student_837,3.8296918021362,2021-04-16,2024,Engineering,21
838,Student_838,2.7247877982332662,2021-04-17,2023,Business,100
839,Student_839,3.161176700556087,2021-04-18,2023,Engineering,120
840,Student_840,3.2645285758390608,2021-04-19,2025,Business,92
841,Student_841,2.026188913176667,2021-04-20,2023,Science,107
842,Student_842,3.327074744033421,2021-04-21,2023,Arts,9
843,Student_843,2.3560719337395026,2021-04-22,2023,Engineering,8
844,Student_844,3.92214063493891,2021-04-23,2025,Business,33
845,Student_845,2.297325455506226,2021-04-24,2024,Business,128
846,Student_846,2.8292482474540472,2021-04-25,2026,Business,88
847,Student_847,2.1706993361572877,2021-04-26,2024,Science,92
848,Student_848,3.9937485036918945,2021-04-27,2026,Science,70
849,Student_849,3.004390020662485,2021-04-28,2023,Engineering,66
850,Student_850,3.190770034640088,2021-04-29,2024,Engineering,116
851,Student_851,2.134152954776855,2021-04-30,2026,Science,93
852,Student_852,3.4999209407983556,2021-05-01,2025,Engineering,98
853,Student_853,2.4198111861911715,2021-05-02,2025,Arts,112
854,Student_854,3.7961085788814275,2021-05-03,2024,Arts,102
855,Student_855,2.4102792809640143,2021-05-04,2024,Science,90
856,Student_856,2.381375441327333,2021-05-05,2023,Engineering,89
857,Student_857,2.07309933569619,2021-05-06,2024,Business,16
858,Student_858,2.9441338902199985,2021-05-07,2023,Arts,17
859,Student_859,3.129682266525233,2021-05-08,2023,Science,115
860,Student_860,2.1314172788567047,2021-05-09,2025,Engineering,92
861,Student_861,3.551055233390021,2021-05-10,2025,Science,90
862,Student_862,2.9065776694960554,2021-05-11,2026,Business,81
863,Student_863,3.0487805386551603,2021-05-12,2025,Arts,67
864,Student_864,2.881525493876456,2021-05-13,2025,Science,113
865,Student_865,2.801526121750652,2021-05-14,2024,Science,0
866,Student_866,3.1192806626164358,2021-05-15,2025,Science,57
867,Student_867,2.310480491861425,2021-05-16,2026,Business,108
868,Student_868,2.3638562609905422,2021-05-17,2024,Science,115
869,Student_869,3.7235712420270346,2021-05-18,2026,Business,86
870,Student_870,3.8922309242672655,2021-05-19,2025,Business,9
871,Student_871,2.746618632559506,2021-05-20,2026,Business,58
872,Student_872,2.5414893462871078,2021-05-21,2024,Arts,40
873,Student_873,3.2879990864780315,2021-05-22,2023,Arts,104
874,Student_874,2.817468342196193,2021-05-23,2026,Science,121
875,Student_875,2.0507727113206897,2021-05-24,2026,Science,21
876,Student_876,2.3123051947323807,2021-05-25,2024,Arts,97
877,Student_877,3.431944457694795,2021-05-26,2024,Engineering,67
878,Student_878,3.3178478838203027,2021-05-27,2026,Arts,55
879,Student_879,2.054191985006967,2021-05-28,2025,Business,98
880,Student_880,2.4439443238658987,2021-05-29,2026,Arts,75
881,Student_881,2.462149593176143,2021-05-30,2024,Business,25
882,Student_882,3.343785487197457,2021-05-31,2023,Science,114
883,Student_883,2.039421075508728,2021-06-01,2023,Engineering,108
884,Student_884,2.208217163969148,2021-06-02,2025,Science,46
885,Student_885,3.599832170746379,2021-06-03,2026,Business,70
886,Student_886,2.3570893241086672,2021-06-04,2023,Business,39
887,Student_887,3.305492215703749,2021-06-05,2026,Business,22
888,Student_888,2.476365562093453,2021-06-06,2024,Engineering,105
889,Student_889,2.1988827855186903,2021-06-07,2023,Arts,83
890,Student_890,2.486344381998908,2021-06-08,2025,Science,115
891,Student_891,3.4445338637113183,2021-06-09,2024,Science,108
892,Student_892,3.7113929362125715,2021-06-10,2025,Arts,40
893,Student_893,3.660439729133983,2021-06-11,2024,Science,111
894,Student_894,2.79436705923691,2021-06-12,2023,Engineering,111
895,Student_895,3.3361702731412923,2021-06-13,2025,Science,102
896,Student_896,2.409968590831642,2021-06-14,2025,Business,45
897,Student_897,2.5862954605220265,2021-06-15,2024,Arts,67
898,Student_898,3.7926716370422398,2021-06-16,2025,Engineering,121
899,Student_899,2.026003847021472,2021-06-17,2024,Arts,14
900,Student_900,2.171017061708936,2021-06-18,2024,Engineering,128
901,Student_901,2.4157725102920544,2021-06-19,2024,Business,110
902,Student_902,2.053064407747639,2021-06-20,2024,Arts,23
903,Student_903,2.3628708701795946,2021-06-21,2023,Science,26
904,Student_904,3.1660831219393843,2021-06-22,2024,Engineering,39
905,Student_905,2.8428491011849957,2021-06-23,2026,Arts,23
906,Student_906,3.7853434221539497,2021-06-24,2025,Science,23
907,Student_907,3.634887123476882,2021-06-25,2026,Arts,3
908,Student_908,2.683634703395752,2021-06-26,2023,Arts,66
909,Student_909,2.518846866862585,2021-06-27,2026,Arts,33
910,Student_910,2.759384816334534,2021-06-28,2025,Engineering,115
911,Student_911,3.1805898850296153,2021-06-29,2026,Science,22
912,Student_912,2.5361272816457525,2021-06-30,2023,Business,108
913,Student_913,3.248297815698268,2021-07-01,2024,Engineering,68
914,Student_914,2.818823304382481,2021-07-02,2026,Engineering,94
915,Student_915,3.1040943617039605,2021-07-03,2023,Engineering,61
916,Student_916,2.8722530582706334,2021-07-04,2023,Business,56
917,Student_917,2.588931519083835,2021-07-05,2025,Science,53
918,Student_918,3.8969066139243136,2021-07-06,2025,Science,69
919,Student_919,3.5272115883195214,2021-07-07,2026,Science,100
920,Student_920,2.280226351532905,2021-07-08,2024,Arts,56
921,Student_921,3.7369359517958256,2021-07-09,2023,Arts,102
922,Student_922,2.9748623964990273,2021-07-10,2026,Arts,84
923,Student_923,3.789104453788183,2021-07-11,2023,Business,60
924,Student_924,3.5997105118946306,2021-07-12,2023,Arts,2
925,Student_925,2.8504270089384667,2021-07-13,2024,Business,127
926,Student_926,2.044938616640235,2021-07-14,2024,Science,85
927,Student_927,2.537354718769892,2021-07-15,2026,Arts,46
928,Student_928,3.083268429321734,2021-07-16,2024,Arts,75
929,Student_929,3.2669564396522945,2021-07-17,2024,Engineering,37
930,Student_930,2.515775370866405,2021-07-18,2026,Business,86
931,Student_931,2.2787121481456483,2021-07-19,2024,Science,57
932,Student_932,3.6698604735985985,2021-07-20,2025,Engineering,49
933,Student_933,3.9688043614071042,2021-07-21,2023,Engineering,29
934,Student_934,3.0513803646053717,2021-07-22,2023,Science,100
935,Student_935,2.3433585716966068,2021-07-23,2023,Engineering,24
936,Student_936,2.544614653038738,2021-07-24,2023,Business,111
937,Student_937,2.0367813530949332,2021-07-25,2026,Business,125
938,Student_938,3.828597613120998,2021-07-26,2023,Arts,122
939,Student_939,2.2355021657802823,2021-07-27,2023,Engineering,46
940,Student_940,3.153032951028507,2021-07-28,2023,Arts,117
941,Student_941,2.548110441374412,2021-07-29,2023,Engineering,38
942,Student_942,3.108356005031587,2021-07-30,2025,Business,15
943,Student_943,3.3028407767037287,2021-07-31,2023,Business,21
944,Student_944,3.659483607414403,2021-08-01,2025,Business,53
945,Student_945,2.412842543521206,2021-08-02,2026,Engineering,15
946,Student_946,2.0219916573169607,2021-08-03,2024,Business,58
947,Student_947,2.2737712601376145,2021-08-04,2023,Engineering,30
948,Student_948,3.80003728369621,2021-08-05,2024,Arts,31
949,Student_949,3.7477801551250307,2021-08-06,2024,Engineering,8
950,Student_950,3.1948262043406164,2021-08-07,2026,Arts,9
951,Student_951,3.201033720867307,2021-08-08,2024,Engineering,16
952,Student_952,3.330073349092511,2021-08-09,2025,Arts,67
953,Student_953,2.350742557246899,2021-08-10,2024,Business,47
954,Student_954,3.8288238918499196,2021-08-11,2024,Arts,110
955,Student_955,2.8375410497841465,2021-08-12,2024,Business,122
956,Student_956,2.766277056498995,2021-08-13,2023,Business,100
957,Student_957,3.037835410565675,2021-08-14,2023,Arts,101
958,Student_958,2.09393193355011,2021-08-15,2025,Engineering,64
959,Student_959,2.332566737512159,2021-08-16,2025,Engineering,50
960,Student_960,3.476067232852741,2021-08-17,2023,Science,35
961,Student_961,2.165597335850253,2021-08-18,2025,Engineering,80
962,Student_962,3.206304218932776,2021-08-19,2023,Science,126
963,Student_963,2.490698219362642,2021-08-20,2026,Engineering,87
964,Student_964,2.778591228083953,2021-08-21,2024,Engineering,103
965,Student_965,2.5773874735413997,2021-08-22,2024,Business,14
966,Student_966,2.7113454329298983,2021-08-23,2025,Science,95
967,Student_967,3.438091810368491,2021-08-24,2023,Engineering,122
968,Student_968,2.5942434312463503,2021-08-25,2023,Science,0
969,Student_969,3.1328092805937944,2021-08-26,2025,Business,121
970,Student_970,2.9521008043981993,2021-08-27,2023,Business,125
971,Student_971,3.3273423307252963,2021-08-28,2026,Science,56
972,Student_972,3.873659478649516,2021-08-29,2024,Business,80
973,Student_973,3.4651441944205006,2021-08-30,2025,Arts,72
974,Student_974,2.4298807571815138,2021-08-31,2025,Arts,69
975,Student_975,2.0623662701225696,2021-09-01,2023,Business,5
976,Student_976,2.5245280885996504,2021-09-02,2025,Arts,83
977,Student_977,3.19015586140051,2021-09-03,2026,Engineering,51
978,Student_978,2.1028516269685005,2021-09-04,2023,Science,2
979,Student_979,2.992732494402473,2021-09-05,2023,Engineering,80
980,Student_980,3.1936856978337786,2021-09-06,2023,Science,62
981,Student_981,2.668487781633922,2021-09-07,2023,Business,48
982,Student_982,3.541824407491644,2021-09-08,2026,Engineering,75
983,Student_983,2.2131965062675434,2021-09-09,2023,Business,111
984,Student_984,2.1502755634716175,2021-09-10,2025,Business,108
985,Student_985,3.4563775124072067,2021-09-11,2026,Science,64
986,Student_986,2.990982632412397,2021-09-12,2024,Science,80
987,Student_987,3.376804792855472,2021-09-13,2024,Science,14
988,Student_988,2.8696546772074925,2021-09-14,2025,Engineering,99
989,Student_989,2.4928040664782136,2021-09-15,2025,Arts,31
990,Student_990,3.6382046353483997,2021-09-16,2026,Science,95
991,Student_991,3.5988317579379583,2021-09-17,2024,Science,127
992,Student_992,3.3893929417088535,2021-09-18,2024,Engineering,112
993,Student_993,2.544290274459925,2021-09-19,2024,Science,82
994,Student_994,3.180461333738174,2021-09-20,2024,Engineering,42
995,Student_995,2.7219477938800534,2021-09-21,2024,Business,115
996,Student_996,2.1831641466532683,2021-09-22,2023,Science,77
997,Student_997,3.8346271509244856,2021-09-23,2025,Science,57
998,Student_998,2.273637261837923,2021-09-24,2023,Business,32
999,Student_999,3.900474707641605,2021-09-25,2024,Business,13
1000,Student_1000,2.8920115459159117,2021-09-26,2026,Business,58
