transaction_id,customer_name,sales_amount,transaction_date,region,product_category,units_sold
1,Customer_1,5060.7700145957515,2024-01-01 00:00:00,North,Food,17
2,Customer_2,7091.312511337251,2024-01-01 01:00:00,West,Electronics,48
3,Customer_3,5389.476463747391,2024-01-01 02:00:00,West,Books,2
4,Customer_4,5453.272214617731,2024-01-01 03:00:00,North,Clothing,20
5,Customer_5,4352.999841403041,2024-01-01 04:00:00,West,Books,20
6,Customer_6,3157.4607976726743,2024-01-01 05:00:00,North,Food,46
7,Customer_7,4874.417176396702,2024-01-01 06:00:00,South,Food,3
8,Customer_8,1273.0743518071658,2024-01-01 07:00:00,West,Books,12
9,Customer_9,9618.98205593254,2024-01-01 08:00:00,West,Food,40
10,Customer_10,7172.666559903323,2024-01-01 09:00:00,West,Clothing,2
11,Customer_11,9529.424455209682,2024-01-01 10:00:00,South,Food,36
12,Customer_12,2344.601085066636,2024-01-01 11:00:00,North,Clothing,14
13,Customer_13,8805.476099747628,2024-01-01 12:00:00,East,Books,16
14,Customer_14,8107.020847179031,2024-01-01 13:00:00,West,Books,19
15,Customer_15,6803.808883330969,2024-01-01 14:00:00,North,Food,34
16,Customer_16,6287.788942243536,2024-01-01 15:00:00,South,Clothing,44
17,Customer_17,3233.8416861519127,2024-01-01 16:00:00,East,Food,46
18,Customer_18,8182.466771153804,2024-01-01 17:00:00,West,Electronics,6
19,Customer_19,5065.003068649365,2024-01-01 18:00:00,South,Electronics,13
20,Customer_20,801.8266013237251,2024-01-01 19:00:00,South,Electronics,36
21,Customer_21,3197.3452924657868,2024-01-01 20:00:00,East,Electronics,22
22,Customer_22,9359.441275598743,2024-01-01 21:00:00,North,Food,18
23,Customer_23,8521.734579987979,2024-01-01 22:00:00,West,Electronics,12
24,Customer_24,9820.866410957738,2024-01-01 23:00:00,West,Clothing,30
25,Customer_25,6317.134487780571,2024-01-02 00:00:00,North,Books,40
26,Customer_26,2550.3497240900783,2024-01-02 01:00:00,North,Books,7
27,Customer_27,1711.8689918009513,2024-01-02 02:00:00,North,Electronics,32
28,Customer_28,1950.4529620237702,2024-01-02 03:00:00,East,Electronics,48
29,Customer_29,295.97701763781845,2024-01-02 04:00:00,East,Electronics,19
30,Customer_30,3967.752898760798,2024-01-02 05:00:00,West,Food,6
31,Customer_31,1995.1340369454708,2024-01-02 06:00:00,East,Books,20
32,Customer_32,4175.389058521354,2024-01-02 07:00:00,South,Electronics,27
33,Customer_33,9356.444875203777,2024-01-02 08:00:00,West,Clothing,43
34,Customer_34,4362.348074121181,2024-01-02 09:00:00,East,Electronics,37
35,Customer_35,8792.046520149865,2024-01-02 10:00:00,North,Books,48
36,Customer_36,6094.497189497177,2024-01-02 11:00:00,South,Electronics,7
37,Customer_37,2546.60239114778,2024-01-02 12:00:00,North,Books,5
38,Customer_38,3622.9621166661927,2024-01-02 13:00:00,West,Electronics,11
39,Customer_39,930.8034046321512,2024-01-02 14:00:00,North,Clothing,15
40,Customer_40,3401.279676600504,2024-01-02 15:00:00,East,Electronics,3
41,Customer_41,6807.655360484987,2024-01-02 16:00:00,East,Clothing,5
42,Customer_42,813.8998200014083,2024-01-02 17:00:00,West,Clothing,23
43,Customer_43,2133.4739439324903,2024-01-02 18:00:00,North,Electronics,37
44,Customer_44,3876.2663099917836,2024-01-02 19:00:00,West,Clothing,9
45,Customer_45,9822.290416458029,2024-01-02 20:00:00,North,Food,15
46,Customer_46,7870.132047292914,2024-01-02 21:00:00,South,Electronics,3
47,Customer_47,7361.518790271828,2024-01-02 22:00:00,East,Electronics,29
48,Customer_48,1250.2904696019152,2024-01-02 23:00:00,West,Clothing,6
49,Customer_49,7831.859346788416,2024-01-03 00:00:00,South,Clothing,17
50,Customer_50,7874.161234008549,2024-01-03 01:00:00,South,Electronics,26
51,Customer_51,6050.91668668085,2024-01-03 02:00:00,West,Food,21
52,Customer_52,9904.581641783881,2024-01-03 03:00:00,West,Clothing,8
53,Customer_53,3320.013668653064,2024-01-03 04:00:00,South,Clothing,21
54,Customer_54,9418.597237594331,2024-01-03 05:00:00,North,Books,11
55,Customer_55,9155.838038069385,2024-01-03 06:00:00,South,Food,38
56,Customer_56,213.65853151884062,2024-01-03 07:00:00,West,Food,8
57,Customer_57,4556.153612100629,2024-01-03 08:00:00,South,Electronics,42
58,Customer_58,9773.331907210577,2024-01-03 09:00:00,North,Food,24
59,Customer_59,1120.9014878399503,2024-01-03 10:00:00,East,Electronics,35
60,Customer_60,5523.068474394862,2024-01-03 11:00:00,East,Books,14
61,Customer_61,9791.679319706931,2024-01-03 12:00:00,South,Food,14
62,Customer_62,5599.404698648015,2024-01-03 13:00:00,North,Clothing,10
63,Customer_63,1979.1714994243443,2024-01-03 14:00:00,East,Books,12
64,Customer_64,5863.613977916639,2024-01-03 15:00:00,South,Electronics,38
65,Customer_65,2123.961682100514,2024-01-03 16:00:00,South,Books,44
66,Customer_66,5245.072202655394,2024-01-03 17:00:00,North,Electronics,46
67,Customer_67,833.0179573322451,2024-01-03 18:00:00,West,Books,34
68,Customer_68,6094.278425222606,2024-01-03 19:00:00,South,Electronics,41
69,Customer_69,5216.220397368766,2024-01-03 20:00:00,West,Food,10
70,Customer_70,7427.597550738485,2024-01-03 21:00:00,West,Clothing,17
71,Customer_71,6343.934664471972,2024-01-03 22:00:00,East,Electronics,17
72,Customer_72,5541.102058454491,2024-01-03 23:00:00,West,Books,3
73,Customer_73,6928.810607556399,2024-01-04 00:00:00,North,Electronics,31
74,Customer_74,1525.0249443650855,2024-01-04 01:00:00,East,Electronics,1
75,Customer_75,5994.060646460181,2024-01-04 02:00:00,East,Electronics,12
76,Customer_76,1803.894967945499,2024-01-04 03:00:00,East,Books,39
77,Customer_77,9262.669857733621,2024-01-04 04:00:00,South,Clothing,4
78,Customer_78,776.5076379714816,2024-01-04 05:00:00,South,Food,42
79,Customer_79,4360.710021938853,2024-01-04 06:00:00,West,Clothing,13
80,Customer_80,6988.395028788904,2024-01-04 07:00:00,East,Electronics,34
81,Customer_81,4634.419895515762,2024-01-04 08:00:00,East,Books,42
82,Customer_82,1011.7430070057333,2024-01-04 09:00:00,North,Clothing,21
83,Customer_83,5578.452259654403,2024-01-04 10:00:00,West,Electronics,22
84,Customer_84,6452.15589739081,2024-01-04 11:00:00,North,Food,4
85,Customer_85,7067.5438788060255,2024-01-04 12:00:00,West,Food,18
86,Customer_86,3795.2721631813133,2024-01-04 13:00:00,West,Food,5
87,Customer_87,5680.233713184746,2024-01-04 14:00:00,South,Electronics,19
88,Customer_88,4561.79610189524,2024-01-04 15:00:00,South,Books,2
89,Customer_89,6753.354783647309,2024-01-04 16:00:00,North,Clothing,12
90,Customer_90,5877.2139765157035,2024-01-04 17:00:00,West,Food,17
91,Customer_91,5304.986573635435,2024-01-04 18:00:00,East,Electronics,10
92,Customer_92,2570.2912316986617,2024-01-04 19:00:00,South,Electronics,34
93,Customer_93,119.98332570751577,2024-01-04 20:00:00,East,Clothing,6
94,Customer_94,1823.4085855831497,2024-01-04 21:00:00,North,Food,8
95,Customer_95,1258.9538100992697,2024-01-04 22:00:00,South,Electronics,11
96,Customer_96,4545.938975608373,2024-01-04 23:00:00,South,Clothing,12
97,Customer_97,6161.355692542262,2024-01-05 00:00:00,West,Books,9
98,Customer_98,2209.5415859796008,2024-01-05 01:00:00,North,Books,2
99,Customer_99,9396.665250075152,2024-01-05 02:00:00,West,Books,8
100,Customer_100,166.153079316489,2024-01-05 03:00:00,South,Food,11
101,Customer_101,7745.780050136895,2024-01-05 04:00:00,North,Clothing,36
102,Customer_102,6289.527218351378,2024-01-05 05:00:00,South,Clothing,10
103,Customer_103,3798.192530372051,2024-01-05 06:00:00,North,Electronics,21
104,Customer_104,599.8405496828384,2024-01-05 07:00:00,South,Electronics,20
105,Customer_105,6312.117060664365,2024-01-05 08:00:00,East,Electronics,48
106,Customer_106,3917.5737773699157,2024-01-05 09:00:00,East,Clothing,8
107,Customer_107,9369.04468019087,2024-01-05 10:00:00,West,Electronics,36
108,Customer_108,5465.701741408682,2024-01-05 11:00:00,East,Clothing,29
109,Customer_109,9402.549961805731,2024-01-05 12:00:00,South,Clothing,42
110,Customer_110,2282.7885653857106,2024-01-05 13:00:00,South,Books,12
111,Customer_111,7284.686512604622,2024-01-05 14:00:00,East,Electronics,14
112,Customer_112,6210.765306402384,2024-01-05 15:00:00,West,Books,48
113,Customer_113,7420.141475329987,2024-01-05 16:00:00,East,Food,21
114,Customer_114,2225.211853328114,2024-01-05 17:00:00,North,Food,22
115,Customer_115,6683.44571075396,2024-01-05 18:00:00,North,Food,21
116,Customer_116,5030.599891263003,2024-01-05 19:00:00,North,Clothing,44
117,Customer_117,7453.9672515725315,2024-01-05 20:00:00,East,Clothing,30
118,Customer_118,3337.741977102996,2024-01-05 21:00:00,East,Clothing,39
119,Customer_119,8911.564552106,2024-01-05 22:00:00,East,Electronics,20
120,Customer_120,934.5830146523687,2024-01-05 23:00:00,North,Books,24
121,Customer_121,8091.174256032762,2024-01-06 00:00:00,West,Clothing,23
122,Customer_122,8627.064295569398,2024-01-06 01:00:00,South,Books,7
123,Customer_123,8190.7978825315295,2024-01-06 02:00:00,East,Books,9
124,Customer_124,5175.991303191583,2024-01-06 03:00:00,West,Books,1
125,Customer_125,4440.011302304537,2024-01-06 04:00:00,South,Electronics,26
126,Customer_126,9962.996636596281,2024-01-06 05:00:00,South,Electronics,38
127,Customer_127,2368.802317020205,2024-01-06 06:00:00,South,Food,38
128,Customer_128,5514.0720621728415,2024-01-06 07:00:00,West,Food,44
129,Customer_129,6739.687701285023,2024-01-06 08:00:00,West,Books,22
130,Customer_130,7038.5895950281765,2024-01-06 09:00:00,North,Food,44
131,Customer_131,2119.8441908119294,2024-01-06 10:00:00,West,Books,10
132,Customer_132,6574.541514164032,2024-01-06 11:00:00,West,Electronics,6
133,Customer_133,8201.85870816524,2024-01-06 12:00:00,West,Electronics,17
134,Customer_134,595.183910529011,2024-01-06 13:00:00,South,Electronics,38
135,Customer_135,9124.060803920633,2024-01-06 14:00:00,East,Clothing,24
136,Customer_136,392.09014593753875,2024-01-06 15:00:00,North,Books,10
137,Customer_137,3624.113221635104,2024-01-06 16:00:00,East,Electronics,8
138,Customer_138,256.5506427063245,2024-01-06 17:00:00,East,Books,21
139,Customer_139,863.7371685418605,2024-01-06 18:00:00,West,Food,6
140,Customer_140,9120.566023282783,2024-01-06 19:00:00,North,Food,21
141,Customer_141,3613.1222243868633,2024-01-06 20:00:00,East,Electronics,39
142,Customer_142,4305.238151208024,2024-01-06 21:00:00,East,Books,24
143,Customer_143,2231.909375687271,2024-01-06 22:00:00,North,Electronics,33
144,Customer_144,6011.248124848526,2024-01-06 23:00:00,West,Food,18
145,Customer_145,5988.551825310117,2024-01-07 00:00:00,East,Electronics,28
146,Customer_146,3784.7838790696705,2024-01-07 01:00:00,South,Books,32
147,Customer_147,3397.045230873444,2024-01-07 02:00:00,East,Food,12
148,Customer_148,8861.14665098782,2024-01-07 03:00:00,South,Clothing,48
149,Customer_149,3894.5139724577934,2024-01-07 04:00:00,West,Food,42
150,Customer_150,4985.659822328642,2024-01-07 05:00:00,East,Clothing,27
151,Customer_151,2904.717148006813,2024-01-07 06:00:00,North,Electronics,10
152,Customer_152,7889.018083235561,2024-01-07 07:00:00,North,Electronics,46
153,Customer_153,4034.736753301007,2024-01-07 08:00:00,East,Books,42
154,Customer_154,5184.749360788813,2024-01-07 09:00:00,West,Clothing,32
155,Customer_155,2608.2359835906477,2024-01-07 10:00:00,West,Electronics,42
156,Customer_156,9877.829964178392,2024-01-07 11:00:00,North,Clothing,26
157,Customer_157,2985.8078351448567,2024-01-07 12:00:00,East,Electronics,25
158,Customer_158,7730.351055964961,2024-01-07 13:00:00,West,Food,11
159,Customer_159,4332.2069385319155,2024-01-07 14:00:00,North,Electronics,23
160,Customer_160,2141.552310332985,2024-01-07 15:00:00,South,Books,34
161,Customer_161,8017.215763252126,2024-01-07 16:00:00,East,Food,40
162,Customer_162,3402.7072113875274,2024-01-07 17:00:00,South,Books,23
163,Customer_163,8665.41413923833,2024-01-07 18:00:00,South,Food,29
164,Customer_164,9161.046130686447,2024-01-07 19:00:00,West,Clothing,31
165,Customer_165,8612.255970373631,2024-01-07 20:00:00,West,Books,7
166,Customer_166,446.57835658737594,2024-01-07 21:00:00,West,Electronics,40
167,Customer_167,7894.996115550545,2024-01-07 22:00:00,East,Clothing,33
168,Customer_168,4172.260718341524,2024-01-07 23:00:00,South,Electronics,21
169,Customer_169,8749.856909804028,2024-01-08 00:00:00,East,Food,2
170,Customer_170,6415.747200578914,2024-01-08 01:00:00,West,Food,18
171,Customer_171,8353.067028025189,2024-01-08 02:00:00,South,Electronics,47
172,Customer_172,5044.37452168167,2024-01-08 03:00:00,East,Electronics,33
173,Customer_173,5396.752495529435,2024-01-08 04:00:00,East,Clothing,37
174,Customer_174,1529.4375581233055,2024-01-08 05:00:00,North,Electronics,34
175,Customer_175,7861.474851024619,2024-01-08 06:00:00,East,Books,20
176,Customer_176,4251.957155503019,2024-01-08 07:00:00,West,Books,35
177,Customer_177,5050.793170888668,2024-01-08 08:00:00,East,Electronics,18
178,Customer_178,7872.467369547506,2024-01-08 09:00:00,South,Books,46
179,Customer_179,6028.569460786446,2024-01-08 10:00:00,East,Electronics,24
180,Customer_180,2090.8774016824077,2024-01-08 11:00:00,North,Clothing,8
181,Customer_181,5943.303325593838,2024-01-08 12:00:00,South,Books,30
182,Customer_182,4135.565293998592,2024-01-08 13:00:00,South,Books,44
183,Customer_183,4748.30286623424,2024-01-08 14:00:00,North,Electronics,10
184,Customer_184,380.2816165864111,2024-01-08 15:00:00,West,Books,23
185,Customer_185,2179.2905602111878,2024-01-08 16:00:00,South,Food,49
186,Customer_186,2882.2770056721797,2024-01-08 17:00:00,West,Clothing,11
187,Customer_187,7158.304077802177,2024-01-08 18:00:00,South,Clothing,2
188,Customer_188,213.7754856513416,2024-01-08 19:00:00,South,Books,26
189,Customer_189,4146.8948861684075,2024-01-08 20:00:00,West,Books,36
190,Customer_190,9247.866017214756,2024-01-08 21:00:00,South,Food,33
191,Customer_191,1207.618103836326,2024-01-08 22:00:00,West,Food,47
192,Customer_192,5212.6014433642495,2024-01-08 23:00:00,North,Books,13
193,Customer_193,7886.571585669386,2024-01-09 00:00:00,West,Books,40
194,Customer_194,9431.059944449156,2024-01-09 01:00:00,North,Food,25
195,Customer_195,7493.088731383808,2024-01-09 02:00:00,South,Electronics,4
196,Customer_196,7233.5989315796205,2024-01-09 03:00:00,West,Food,42
197,Customer_197,8282.232092938048,2024-01-09 04:00:00,South,Electronics,19
198,Customer_198,4517.392087677682,2024-01-09 05:00:00,West,Clothing,18
199,Customer_199,8077.860872916547,2024-01-09 06:00:00,North,Clothing,37
200,Customer_200,178.84760697996614,2024-01-09 07:00:00,North,Food,30
201,Customer_201,9253.154448230369,2024-01-09 08:00:00,West,Electronics,19
202,Customer_202,4488.734444220036,2024-01-09 09:00:00,North,Food,23
203,Customer_203,5578.463859870902,2024-01-09 10:00:00,South,Food,16
204,Customer_204,2623.334264257335,2024-01-09 11:00:00,South,Electronics,1
205,Customer_205,7451.055245120172,2024-01-09 12:00:00,East,Food,12
206,Customer_206,858.6944841049633,2024-01-09 13:00:00,North,Clothing,24
207,Customer_207,8739.094445213668,2024-01-09 14:00:00,South,Books,34
208,Customer_208,8298.356607162794,2024-01-09 15:00:00,West,Books,8
209,Customer_209,2238.9951508231875,2024-01-09 16:00:00,North,Food,18
210,Customer_210,8112.311543024098,2024-01-09 17:00:00,South,Electronics,48
211,Customer_211,7884.941557308667,2024-01-09 18:00:00,North,Electronics,5
212,Customer_212,6358.944317764095,2024-01-09 19:00:00,West,Clothing,26
213,Customer_213,3797.8497513069065,2024-01-09 20:00:00,South,Electronics,30
214,Customer_214,2787.837666400492,2024-01-09 21:00:00,East,Electronics,13
215,Customer_215,2394.6575438645655,2024-01-09 22:00:00,East,Clothing,19
216,Customer_216,3254.228731359711,2024-01-09 23:00:00,North,Food,29
217,Customer_217,9045.22858998205,2024-01-10 00:00:00,West,Books,3
218,Customer_218,868.6436822889347,2024-01-10 01:00:00,South,Clothing,26
219,Customer_219,8305.825634904291,2024-01-10 02:00:00,West,Food,40
220,Customer_220,3554.0117429140532,2024-01-10 03:00:00,South,Clothing,12
221,Customer_221,5263.834020512446,2024-01-10 04:00:00,North,Food,2
222,Customer_222,7965.407773120058,2024-01-10 05:00:00,South,Clothing,11
223,Customer_223,8855.327815527417,2024-01-10 06:00:00,West,Food,44
224,Customer_224,3513.3360587192055,2024-01-10 07:00:00,West,Clothing,28
225,Customer_225,4672.250464623592,2024-01-10 08:00:00,North,Food,18
226,Customer_226,4203.709041686244,2024-01-10 09:00:00,West,Clothing,13
227,Customer_227,231.18523168871442,2024-01-10 10:00:00,South,Books,37
228,Customer_228,3029.8345997007004,2024-01-10 11:00:00,North,Books,22
229,Customer_229,4645.973413952362,2024-01-10 12:00:00,South,Electronics,12
230,Customer_230,4169.826727916354,2024-01-10 13:00:00,West,Food,2
231,Customer_231,7247.099352405226,2024-01-10 14:00:00,North,Clothing,37
232,Customer_232,3909.555810488922,2024-01-10 15:00:00,South,Food,7
233,Customer_233,4944.826844809635,2024-01-10 16:00:00,West,Books,26
234,Customer_234,4353.125062110397,2024-01-10 17:00:00,West,Food,26
235,Customer_235,7432.198874054268,2024-01-10 18:00:00,East,Clothing,24
236,Customer_236,8643.42674997093,2024-01-10 19:00:00,West,Food,12
237,Customer_237,5365.70188217439,2024-01-10 20:00:00,South,Clothing,16
238,Customer_238,7915.378722532392,2024-01-10 21:00:00,North,Books,23
239,Customer_239,3038.188151996521,2024-01-10 22:00:00,East,Books,40
240,Customer_240,5459.55914055696,2024-01-10 23:00:00,West,Books,9
241,Customer_241,3517.776541332727,2024-01-11 00:00:00,West,Electronics,32
242,Customer_242,4200.58916316112,2024-01-11 01:00:00,West,Books,15
243,Customer_243,7350.897261645418,2024-01-11 02:00:00,South,Food,37
244,Customer_244,8828.458575093857,2024-01-11 03:00:00,East,Electronics,13
245,Customer_245,1302.8043717688777,2024-01-11 04:00:00,South,Books,5
246,Customer_246,6382.928639225067,2024-01-11 05:00:00,East,Food,11
247,Customer_247,5863.223695020205,2024-01-11 06:00:00,North,Food,10
248,Customer_248,1272.3088878417257,2024-01-11 07:00:00,South,Food,13
249,Customer_249,2197.75387135708,2024-01-11 08:00:00,South,Clothing,41
250,Customer_250,3178.924697853535,2024-01-11 09:00:00,North,Electronics,46
251,Customer_251,1752.6176010932645,2024-01-11 10:00:00,East,Food,15
252,Customer_252,2512.9218769909835,2024-01-11 11:00:00,West,Clothing,42
253,Customer_253,2749.2479087309043,2024-01-11 12:00:00,North,Books,7
254,Customer_254,3423.1709470866904,2024-01-11 13:00:00,West,Food,40
255,Customer_255,7518.965482731474,2024-01-11 14:00:00,West,Clothing,28
256,Customer_256,5761.930818120947,2024-01-11 15:00:00,North,Food,32
257,Customer_257,9863.842052318874,2024-01-11 16:00:00,East,Electronics,35
258,Customer_258,4205.884686977963,2024-01-11 17:00:00,West,Electronics,15
259,Customer_259,7563.264230985557,2024-01-11 18:00:00,North,Books,48
260,Customer_260,8727.537371627684,2024-01-11 19:00:00,South,Food,36
261,Customer_261,6821.887081076615,2024-01-11 20:00:00,South,Clothing,21
262,Customer_262,4177.46093013321,2024-01-11 21:00:00,South,Books,6
263,Customer_263,7560.586844382954,2024-01-11 22:00:00,North,Food,1
264,Customer_264,2116.30466394958,2024-01-11 23:00:00,South,Books,4
265,Customer_265,3342.766435283311,2024-01-12 00:00:00,West,Clothing,11
266,Customer_266,5512.1840254829585,2024-01-12 01:00:00,South,Books,44
267,Customer_267,5796.552934132868,2024-01-12 02:00:00,South,Books,26
268,Customer_268,319.20060717903164,2024-01-12 03:00:00,West,Books,37
269,Customer_269,9456.630468684487,2024-01-12 04:00:00,South,Food,23
270,Customer_270,6996.6099850521605,2024-01-12 05:00:00,West,Clothing,29
271,Customer_271,5007.467127295721,2024-01-12 06:00:00,South,Electronics,21
272,Customer_272,9337.959620642252,2024-01-12 07:00:00,West,Food,48
273,Customer_273,4447.046095983202,2024-01-12 08:00:00,South,Electronics,45
274,Customer_274,9806.31214567668,2024-01-12 09:00:00,West,Electronics,45
275,Customer_275,5171.619096710502,2024-01-12 10:00:00,North,Food,49
276,Customer_276,1231.4291229799967,2024-01-12 11:00:00,West,Food,27
277,Customer_277,7671.529627346845,2024-01-12 12:00:00,South,Clothing,39
278,Customer_278,6821.087478270621,2024-01-12 13:00:00,South,Clothing,40
279,Customer_279,7752.568540925309,2024-01-12 14:00:00,East,Books,13
280,Customer_280,9519.276084384242,2024-01-12 15:00:00,West,Electronics,23
281,Customer_281,7787.244096245079,2024-01-12 16:00:00,North,Clothing,16
282,Customer_282,6152.232361944804,2024-01-12 17:00:00,West,Books,30
283,Customer_283,8587.358133372325,2024-01-12 18:00:00,West,Clothing,4
284,Customer_284,6765.1397496098625,2024-01-12 19:00:00,North,Food,40
285,Customer_285,4140.378662576639,2024-01-12 20:00:00,West,Clothing,16
286,Customer_286,8867.635665993555,2024-01-12 21:00:00,North,Electronics,31
287,Customer_287,2296.8145617652913,2024-01-12 22:00:00,North,Clothing,42
288,Customer_288,7174.94862159637,2024-01-12 23:00:00,West,Electronics,25
289,Customer_289,8827.478203913493,2024-01-13 00:00:00,West,Food,44
290,Customer_290,7340.033545062633,2024-01-13 01:00:00,South,Electronics,12
291,Customer_291,7003.026648633184,2024-01-13 02:00:00,South,Clothing,26
292,Customer_292,7551.119111311176,2024-01-13 03:00:00,East,Books,37
293,Customer_293,4704.046958176379,2024-01-13 04:00:00,East,Food,48
294,Customer_294,8754.289753354557,2024-01-13 05:00:00,West,Clothing,33
295,Customer_295,2114.0211038473026,2024-01-13 06:00:00,North,Food,28
296,Customer_296,1361.125518403359,2024-01-13 07:00:00,East,Food,9
297,Customer_297,2926.5369231732643,2024-01-13 08:00:00,West,Clothing,12
298,Customer_298,5362.616228072432,2024-01-13 09:00:00,East,Clothing,5
299,Customer_299,5154.561774552447,2024-01-13 10:00:00,North,Books,28
300,Customer_300,8223.927700998207,2024-01-13 11:00:00,West,Food,35
301,Customer_301,4105.229698399772,2024-01-13 12:00:00,North,Food,5
302,Customer_302,4895.009820285935,2024-01-13 13:00:00,West,Clothing,34
303,Customer_303,232.3400642680168,2024-01-13 14:00:00,East,Electronics,46
304,Customer_304,4156.418440785097,2024-01-13 15:00:00,South,Clothing,34
305,Customer_305,6512.964906208386,2024-01-13 16:00:00,East,Food,13
306,Customer_306,253.5324732032626,2024-01-13 17:00:00,East,Clothing,39
307,Customer_307,2880.731455343813,2024-01-13 18:00:00,South,Books,42
308,Customer_308,2158.7679569649604,2024-01-13 19:00:00,South,Electronics,45
309,Customer_309,515.6557462049234,2024-01-13 20:00:00,West,Clothing,48
310,Customer_310,4844.674890153921,2024-01-13 21:00:00,West,Books,14
311,Customer_311,1899.0606029587493,2024-01-13 22:00:00,North,Food,11
312,Customer_312,7456.507242350664,2024-01-13 23:00:00,North,Clothing,42
313,Customer_313,8494.48604925715,2024-01-14 00:00:00,East,Food,38
314,Customer_314,5501.293308424563,2024-01-14 01:00:00,South,Books,4
315,Customer_315,9818.902690959301,2024-01-14 02:00:00,North,Food,33
316,Customer_316,4559.737857558894,2024-01-14 03:00:00,East,Books,7
317,Customer_317,5182.345281226663,2024-01-14 04:00:00,South,Books,41
318,Customer_318,9893.255764181726,2024-01-14 05:00:00,West,Books,8
319,Customer_319,2392.3295160539833,2024-01-14 06:00:00,East,Clothing,37
320,Customer_320,9431.204802801361,2024-01-14 07:00:00,West,Food,10
321,Customer_321,524.0917956792211,2024-01-14 08:00:00,North,Food,43
322,Customer_322,4519.230213605629,2024-01-14 09:00:00,North,Electronics,15
323,Customer_323,793.0347701173512,2024-01-14 10:00:00,South,Electronics,38
324,Customer_324,7319.423954845066,2024-01-14 11:00:00,East,Electronics,15
325,Customer_325,6123.248465212176,2024-01-14 12:00:00,West,Electronics,5
326,Customer_326,7095.679208329204,2024-01-14 13:00:00,South,Food,29
327,Customer_327,3807.355959683368,2024-01-14 14:00:00,North,Books,19
328,Customer_328,3757.871146910665,2024-01-14 15:00:00,North,Books,10
329,Customer_329,548.6608617128566,2024-01-14 16:00:00,East,Clothing,12
330,Customer_330,3564.454901343434,2024-01-14 17:00:00,West,Books,4
331,Customer_331,9299.95518239439,2024-01-14 18:00:00,East,Food,31
332,Customer_332,3854.3427180864446,2024-01-14 19:00:00,West,Food,18
333,Customer_333,8330.540291597503,2024-01-14 20:00:00,West,Food,16
334,Customer_334,8439.022497024347,2024-01-14 21:00:00,East,Clothing,40
335,Customer_335,3795.0874481544147,2024-01-14 22:00:00,South,Electronics,36
336,Customer_336,6356.687935922271,2024-01-14 23:00:00,East,Books,25
337,Customer_337,1044.1788625032805,2024-01-15 00:00:00,East,Food,23
338,Customer_338,1126.4179492693372,2024-01-15 01:00:00,North,Food,12
339,Customer_339,581.7108702509618,2024-01-15 02:00:00,North,Electronics,34
340,Customer_340,5852.049424413583,2024-01-15 03:00:00,East,Food,36
341,Customer_341,4318.102678498361,2024-01-15 04:00:00,East,Books,37
342,Customer_342,5525.520330975977,2024-01-15 05:00:00,North,Clothing,3
343,Customer_343,5258.62458603304,2024-01-15 06:00:00,West,Food,9
344,Customer_344,3567.00961179823,2024-01-15 07:00:00,East,Books,18
345,Customer_345,6806.986806752382,2024-01-15 08:00:00,South,Food,43
346,Customer_346,7609.168621072268,2024-01-15 09:00:00,South,Electronics,35
347,Customer_347,244.81976288898957,2024-01-15 10:00:00,South,Food,34
348,Customer_348,2151.6987677118955,2024-01-15 11:00:00,East,Food,41
349,Customer_349,7161.035094025035,2024-01-15 12:00:00,West,Clothing,14
350,Customer_350,3927.5397090749584,2024-01-15 13:00:00,West,Electronics,4
351,Customer_351,6658.59107472192,2024-01-15 14:00:00,North,Electronics,29
352,Customer_352,3534.9303313721284,2024-01-15 15:00:00,East,Clothing,41
353,Customer_353,3968.4760080634073,2024-01-15 16:00:00,West,Food,45
354,Customer_354,1670.9208495278806,2024-01-15 17:00:00,East,Books,15
355,Customer_355,2656.487094694984,2024-01-15 18:00:00,North,Electronics,28
356,Customer_356,6093.576399325114,2024-01-15 19:00:00,North,Electronics,42
357,Customer_357,4388.314802020147,2024-01-15 20:00:00,North,Food,16
358,Customer_358,7765.596561151492,2024-01-15 21:00:00,South,Food,12
359,Customer_359,8540.591053889593,2024-01-15 22:00:00,East,Electronics,5
360,Customer_360,5462.299540345923,2024-01-15 23:00:00,North,Food,34
361,Customer_361,7606.846191354985,2024-01-16 00:00:00,East,Books,42
362,Customer_362,3138.354680626243,2024-01-16 01:00:00,South,Electronics,1
363,Customer_363,4208.215032460774,2024-01-16 02:00:00,South,Books,39
364,Customer_364,7156.498994546627,2024-01-16 03:00:00,North,Books,32
365,Customer_365,3923.4987288886036,2024-01-16 04:00:00,North,Food,26
366,Customer_366,5926.198858073989,2024-01-16 05:00:00,West,Books,17
367,Customer_367,1935.1905129168638,2024-01-16 06:00:00,East,Food,48
368,Customer_368,6037.73601820793,2024-01-16 07:00:00,North,Clothing,27
369,Customer_369,8628.985701546246,2024-01-16 08:00:00,West,Food,24
370,Customer_370,8699.532434251914,2024-01-16 09:00:00,East,Books,35
371,Customer_371,7271.009622662443,2024-01-16 10:00:00,North,Clothing,46
372,Customer_372,7482.958452853648,2024-01-16 11:00:00,West,Food,42
373,Customer_373,5623.481706991937,2024-01-16 12:00:00,West,Books,39
374,Customer_374,5888.214092641665,2024-01-16 13:00:00,East,Electronics,26
375,Customer_375,1423.1407559641282,2024-01-16 14:00:00,West,Electronics,49
376,Customer_376,4494.205965370881,2024-01-16 15:00:00,East,Food,38
377,Customer_377,4562.685210475001,2024-01-16 16:00:00,East,Food,23
378,Customer_378,9589.128573110627,2024-01-16 17:00:00,East,Electronics,22
379,Customer_379,4367.759939970565,2024-01-16 18:00:00,South,Books,4
380,Customer_380,5538.492184537301,2024-01-16 19:00:00,West,Books,49
381,Customer_381,5379.188852863114,2024-01-16 20:00:00,East,Books,9
382,Customer_382,6403.940998738839,2024-01-16 21:00:00,North,Food,4
383,Customer_383,7507.505030185769,2024-01-16 22:00:00,South,Clothing,7
384,Customer_384,2327.914574091634,2024-01-16 23:00:00,South,Clothing,23
385,Customer_385,5334.371749074514,2024-01-17 00:00:00,West,Clothing,2
386,Customer_386,8276.585302428703,2024-01-17 01:00:00,East,Clothing,49
387,Customer_387,4684.835666991364,2024-01-17 02:00:00,West,Clothing,24
388,Customer_388,2856.729709098373,2024-01-17 03:00:00,South,Food,40
389,Customer_389,6581.619846027361,2024-01-17 04:00:00,East,Food,31
390,Customer_390,8255.297218411317,2024-01-17 05:00:00,North,Clothing,47
391,Customer_391,725.088899981174,2024-01-17 06:00:00,East,Food,31
392,Customer_392,7790.225785731548,2024-01-17 07:00:00,South,Food,47
393,Customer_393,8234.314536321534,2024-01-17 08:00:00,North,Clothing,40
394,Customer_394,4669.076983127207,2024-01-17 09:00:00,East,Books,48
395,Customer_395,9834.726002502826,2024-01-17 10:00:00,North,Food,43
396,Customer_396,7888.41257300236,2024-01-17 11:00:00,North,Books,34
397,Customer_397,7759.259392467091,2024-01-17 12:00:00,South,Food,24
398,Customer_398,7503.601886679511,2024-01-17 13:00:00,North,Food,49
399,Customer_399,1591.0202218609127,2024-01-17 14:00:00,West,Clothing,26
400,Customer_400,2250.585775884807,2024-01-17 15:00:00,South,Food,16
401,Customer_401,4693.502301497808,2024-01-17 16:00:00,West,Electronics,47
402,Customer_402,2713.643064598712,2024-01-17 17:00:00,North,Electronics,13
403,Customer_403,4210.8856261070005,2024-01-17 18:00:00,West,Clothing,15
404,Customer_404,8895.794688236914,2024-01-17 19:00:00,East,Books,27
405,Customer_405,8260.836229604765,2024-01-17 20:00:00,North,Books,4
406,Customer_406,6337.394796951824,2024-01-17 21:00:00,East,Books,16
407,Customer_407,8595.391903085925,2024-01-17 22:00:00,West,Electronics,30
408,Customer_408,7859.346651270767,2024-01-17 23:00:00,East,Books,44
409,Customer_409,4346.950825224816,2024-01-18 00:00:00,North,Books,30
410,Customer_410,2090.545005294457,2024-01-18 01:00:00,East,Clothing,36
411,Customer_411,5190.590296092458,2024-01-18 02:00:00,West,Books,3
412,Customer_412,7388.665937032646,2024-01-18 03:00:00,West,Electronics,22
413,Customer_413,4420.554027422971,2024-01-18 04:00:00,West,Electronics,49
414,Customer_414,6701.0419068605825,2024-01-18 05:00:00,North,Electronics,22
415,Customer_415,1033.841520281332,2024-01-18 06:00:00,West,Clothing,49
416,Customer_416,7505.246890076894,2024-01-18 07:00:00,North,Clothing,12
417,Customer_417,8145.864836941314,2024-01-18 08:00:00,East,Food,21
418,Customer_418,7097.694772227357,2024-01-18 09:00:00,West,Books,4
419,Customer_419,9675.90951651102,2024-01-18 10:00:00,East,Clothing,31
420,Customer_420,8283.855368860339,2024-01-18 11:00:00,South,Electronics,44
421,Customer_421,9040.62790597773,2024-01-18 12:00:00,East,Electronics,31
422,Customer_422,9342.353726230716,2024-01-18 13:00:00,South,Clothing,23
423,Customer_423,8033.345119550705,2024-01-18 14:00:00,East,Clothing,20
424,Customer_424,6775.162535864341,2024-01-18 15:00:00,North,Clothing,15
425,Customer_425,156.61395547181394,2024-01-18 16:00:00,East,Food,23
426,Customer_426,4711.674956908934,2024-01-18 17:00:00,North,Electronics,28
427,Customer_427,5754.506756361374,2024-01-18 18:00:00,North,Food,16
428,Customer_428,3109.8996972351965,2024-01-18 19:00:00,West,Food,37
429,Customer_429,3249.234024344373,2024-01-18 20:00:00,North,Books,21
430,Customer_430,9615.478215530635,2024-01-18 21:00:00,South,Electronics,15
431,Customer_431,8927.937565507184,2024-01-18 22:00:00,West,Electronics,17
432,Customer_432,8506.872154466872,2024-01-18 23:00:00,West,Clothing,37
433,Customer_433,4119.516836890495,2024-01-19 00:00:00,East,Clothing,13
434,Customer_434,235.615649048254,2024-01-19 01:00:00,North,Books,19
435,Customer_435,894.2002399115694,2024-01-19 02:00:00,North,Food,30
436,Customer_436,3190.7440453542763,2024-01-19 03:00:00,South,Clothing,45
437,Customer_437,255.85483865720212,2024-01-19 04:00:00,East,Clothing,18
438,Customer_438,269.78284096046133,2024-01-19 05:00:00,East,Electronics,14
439,Customer_439,9174.372686259869,2024-01-19 06:00:00,West,Electronics,36
440,Customer_440,7090.969170978636,2024-01-19 07:00:00,West,Clothing,36
441,Customer_441,3158.664301674711,2024-01-19 08:00:00,West,Electronics,20
442,Customer_442,1413.1813182494363,2024-01-19 09:00:00,South,Books,19
443,Customer_443,5165.193607161264,2024-01-19 10:00:00,South,Clothing,45
444,Customer_444,152.92699245820813,2024-01-19 11:00:00,West,Electronics,44
445,Customer_445,9390.296064195625,2024-01-19 12:00:00,East,Books,7
446,Customer_446,4206.669681950578,2024-01-19 13:00:00,South,Electronics,44
447,Customer_447,4083.1160568495943,2024-01-19 14:00:00,East,Electronics,4
448,Customer_448,3966.8767150596436,2024-01-19 15:00:00,East,Electronics,34
449,Customer_449,786.3504708388712,2024-01-19 16:00:00,North,Clothing,2
450,Customer_450,6419.390173939083,2024-01-19 17:00:00,West,Food,5
451,Customer_451,7356.735834320698,2024-01-19 18:00:00,North,Electronics,10
452,Customer_452,6793.641436124074,2024-01-19 19:00:00,West,Books,32
453,Customer_453,1470.5113839610037,2024-01-19 20:00:00,West,Clothing,42
454,Customer_454,5830.517663552367,2024-01-19 21:00:00,East,Clothing,41
455,Customer_455,5737.896393305313,2024-01-19 22:00:00,West,Books,13
456,Customer_456,8697.266800619682,2024-01-19 23:00:00,East,Electronics,39
457,Customer_457,3853.363817918905,2024-01-20 00:00:00,East,Food,5
458,Customer_458,3777.7108422283986,2024-01-20 01:00:00,West,Electronics,10
459,Customer_459,6223.417881310037,2024-01-20 02:00:00,East,Books,10
460,Customer_460,6367.419269645179,2024-01-20 03:00:00,East,Clothing,38
461,Customer_461,4745.923750525325,2024-01-20 04:00:00,East,Food,27
462,Customer_462,4486.287687071169,2024-01-20 05:00:00,South,Clothing,21
463,Customer_463,4992.061939315038,2024-01-20 06:00:00,East,Books,8
464,Customer_464,8624.348465082787,2024-01-20 07:00:00,South,Electronics,1
465,Customer_465,4665.55232241371,2024-01-20 08:00:00,South,Food,28
466,Customer_466,9405.324740501243,2024-01-20 09:00:00,East,Clothing,49
467,Customer_467,5089.637259603628,2024-01-20 10:00:00,East,Clothing,39
468,Customer_468,9497.086862490825,2024-01-20 11:00:00,South,Clothing,14
469,Customer_469,8345.03582850385,2024-01-20 12:00:00,South,Electronics,21
470,Customer_470,3688.0700938967084,2024-01-20 13:00:00,East,Food,30
471,Customer_471,8650.050070836498,2024-01-20 14:00:00,East,Electronics,21
472,Customer_472,1189.6265135910407,2024-01-20 15:00:00,West,Electronics,49
473,Customer_473,9257.967035895843,2024-01-20 16:00:00,South,Electronics,9
474,Customer_474,6353.270799320627,2024-01-20 17:00:00,South,Books,17
475,Customer_475,638.4684103708807,2024-01-20 18:00:00,West,Books,5
476,Customer_476,6478.141564143034,2024-01-20 19:00:00,South,Books,31
477,Customer_477,9745.051776033086,2024-01-20 20:00:00,North,Food,40
478,Customer_478,791.0264806848263,2024-01-20 21:00:00,South,Electronics,38
479,Customer_479,5591.408326822854,2024-01-20 22:00:00,West,Electronics,43
480,Customer_480,7503.164062617787,2024-01-20 23:00:00,North,Books,19
481,Customer_481,8121.56000832536,2024-01-21 00:00:00,East,Electronics,36
482,Customer_482,4196.891906675879,2024-01-21 01:00:00,West,Electronics,33
483,Customer_483,2121.248935765606,2024-01-21 02:00:00,West,Clothing,13
484,Customer_484,519.1885598465999,2024-01-21 03:00:00,East,Electronics,14
485,Customer_485,5839.288955262525,2024-01-21 04:00:00,West,Clothing,33
486,Customer_486,4583.819595649346,2024-01-21 05:00:00,South,Electronics,29
487,Customer_487,9492.56951198214,2024-01-21 06:00:00,East,Food,43
488,Customer_488,699.9885863776069,2024-01-21 07:00:00,West,Books,49
489,Customer_489,6885.413900115456,2024-01-21 08:00:00,East,Clothing,36
490,Customer_490,347.165598988566,2024-01-21 09:00:00,East,Books,44
491,Customer_491,1797.198349434373,2024-01-21 10:00:00,East,Clothing,10
492,Customer_492,4590.432099236058,2024-01-21 11:00:00,North,Clothing,31
493,Customer_493,4603.237183748395,2024-01-21 12:00:00,West,Clothing,6
494,Customer_494,6888.435375043075,2024-01-21 13:00:00,North,Food,1
495,Customer_495,9111.109045190791,2024-01-21 14:00:00,West,Electronics,7
496,Customer_496,6426.418373257716,2024-01-21 15:00:00,South,Clothing,27
497,Customer_497,9539.997468729936,2024-01-21 16:00:00,South,Food,21
498,Customer_498,8827.994834792176,2024-01-21 17:00:00,South,Clothing,28
499,Customer_499,5886.547975754824,2024-01-21 18:00:00,West,Electronics,16
500,Customer_500,8354.54031409639,2024-01-21 19:00:00,East,Clothing,46
501,Customer_501,6461.518342203977,2024-01-21 20:00:00,East,Food,23
502,Customer_502,877.7225261448988,2024-01-21 21:00:00,North,Electronics,20
503,Customer_503,7431.590760269149,2024-01-21 22:00:00,North,Food,38
504,Customer_504,1039.5935685467275,2024-01-21 23:00:00,South,Electronics,25
505,Customer_505,5981.419527640153,2024-01-22 00:00:00,North,Electronics,28
506,Customer_506,7056.138037996466,2024-01-22 01:00:00,West,Books,5
507,Customer_507,758.6233212874669,2024-01-22 02:00:00,West,Books,21
508,Customer_508,2384.8670738726646,2024-01-22 03:00:00,North,Books,18
509,Customer_509,9165.155099390333,2024-01-22 04:00:00,North,Electronics,47
510,Customer_510,6201.513473105674,2024-01-22 05:00:00,North,Clothing,6
511,Customer_511,2538.2315862242626,2024-01-22 06:00:00,North,Food,29
512,Customer_512,6937.729734365265,2024-01-22 07:00:00,South,Food,19
513,Customer_513,6008.086557620727,2024-01-22 08:00:00,South,Food,33
514,Customer_514,5065.599429187689,2024-01-22 09:00:00,North,Books,1
515,Customer_515,9764.25105238203,2024-01-22 10:00:00,West,Electronics,45
516,Customer_516,6866.192396334338,2024-01-22 11:00:00,South,Books,3
517,Customer_517,3816.8669857123355,2024-01-22 12:00:00,West,Clothing,42
518,Customer_518,8020.726977560993,2024-01-22 13:00:00,East,Electronics,21
519,Customer_519,8857.374599919758,2024-01-22 14:00:00,West,Food,35
520,Customer_520,1339.683539216631,2024-01-22 15:00:00,North,Books,41
521,Customer_521,2085.4744806681383,2024-01-22 16:00:00,East,Books,40
522,Customer_522,2240.647390365019,2024-01-22 17:00:00,South,Clothing,3
523,Customer_523,6942.996912926749,2024-01-22 18:00:00,South,Clothing,25
524,Customer_524,6070.091595027505,2024-01-22 19:00:00,East,Books,45
525,Customer_525,6228.016490516023,2024-01-22 20:00:00,West,Clothing,38
526,Customer_526,9413.655666926059,2024-01-22 21:00:00,South,Food,45
527,Customer_527,7781.524174792329,2024-01-22 22:00:00,North,Clothing,20
528,Customer_528,1366.5755526666535,2024-01-22 23:00:00,East,Clothing,44
529,Customer_529,3540.320116009292,2024-01-23 00:00:00,North,Books,45
530,Customer_530,4410.397097139783,2024-01-23 01:00:00,East,Books,34
531,Customer_531,4020.0197286012885,2024-01-23 02:00:00,South,Electronics,21
532,Customer_532,6726.155230702604,2024-01-23 03:00:00,West,Electronics,48
533,Customer_533,8929.741722239969,2024-01-23 04:00:00,East,Books,23
534,Customer_534,3129.9094888756013,2024-01-23 05:00:00,East,Clothing,6
535,Customer_535,5563.583650569738,2024-01-23 06:00:00,North,Clothing,13
536,Customer_536,7915.1532769444975,2024-01-23 07:00:00,South,Electronics,49
537,Customer_537,4220.558782568958,2024-01-23 08:00:00,North,Electronics,23
538,Customer_538,1764.3694711530288,2024-01-23 09:00:00,South,Electronics,9
539,Customer_539,4802.014556111108,2024-01-23 10:00:00,North,Food,17
540,Customer_540,646.7029553559819,2024-01-23 11:00:00,East,Food,2
541,Customer_541,9429.596194622542,2024-01-23 12:00:00,North,Electronics,19
542,Customer_542,840.7299314302331,2024-01-23 13:00:00,West,Clothing,19
543,Customer_543,4440.721480980724,2024-01-23 14:00:00,South,Electronics,7
544,Customer_544,5345.824484776409,2024-01-23 15:00:00,South,Food,42
545,Customer_545,9854.507939644127,2024-01-23 16:00:00,East,Clothing,42
546,Customer_546,1743.6160540643216,2024-01-23 17:00:00,South,Food,20
547,Customer_547,1232.8720342623499,2024-01-23 18:00:00,West,Clothing,9
548,Customer_548,186.19085591918144,2024-01-23 19:00:00,North,Food,17
549,Customer_549,1640.1572250060929,2024-01-23 20:00:00,East,Clothing,27
550,Customer_550,2152.0024927699096,2024-01-23 21:00:00,West,Clothing,47
551,Customer_551,6342.751321672614,2024-01-23 22:00:00,South,Clothing,2
552,Customer_552,2275.097224874864,2024-01-23 23:00:00,South,Clothing,36
553,Customer_553,303.15606582031955,2024-01-24 00:00:00,West,Books,19
554,Customer_554,8283.52162047464,2024-01-24 01:00:00,North,Food,17
555,Customer_555,3719.397439939271,2024-01-24 02:00:00,North,Food,5
556,Customer_556,3601.597197149266,2024-01-24 03:00:00,East,Books,39
557,Customer_557,3094.542388762473,2024-01-24 04:00:00,South,Clothing,18
558,Customer_558,9756.195443749566,2024-01-24 05:00:00,West,Clothing,7
559,Customer_559,1784.1426313618867,2024-01-24 06:00:00,North,Food,17
560,Customer_560,8992.556833137029,2024-01-24 07:00:00,East,Books,39
561,Customer_561,7790.352988184891,2024-01-24 08:00:00,South,Clothing,36
562,Customer_562,857.1515594431995,2024-01-24 09:00:00,South,Clothing,40
563,Customer_563,9868.618104858402,2024-01-24 10:00:00,East,Clothing,45
564,Customer_564,2786.5230390362044,2024-01-24 11:00:00,East,Electronics,4
565,Customer_565,1075.970977521882,2024-01-24 12:00:00,North,Books,38
566,Customer_566,8310.21091784502,2024-01-24 13:00:00,West,Clothing,25
567,Customer_567,7096.087783409229,2024-01-24 14:00:00,South,Electronics,5
568,Customer_568,6210.466178191218,2024-01-24 15:00:00,West,Books,30
569,Customer_569,1644.2105506194382,2024-01-24 16:00:00,South,Clothing,12
570,Customer_570,4837.1115509340225,2024-01-24 17:00:00,South,Food,4
571,Customer_571,7827.504666183417,2024-01-24 18:00:00,West,Electronics,24
572,Customer_572,3105.8769876240185,2024-01-24 19:00:00,East,Electronics,29
573,Customer_573,3185.7293022989106,2024-01-24 20:00:00,North,Clothing,9
574,Customer_574,131.09496987640895,2024-01-24 21:00:00,South,Clothing,4
575,Customer_575,1825.0096762892574,2024-01-24 22:00:00,East,Electronics,24
576,Customer_576,8766.51568870616,2024-01-24 23:00:00,South,Food,14
577,Customer_577,4473.2902672133005,2024-01-25 00:00:00,North,Food,5
578,Customer_578,9843.921542420896,2024-01-25 01:00:00,South,Books,18
579,Customer_579,4017.5088393805463,2024-01-25 02:00:00,North,Clothing,42
580,Customer_580,7180.345902324389,2024-01-25 03:00:00,North,Food,19
581,Customer_581,2890.9985247568184,2024-01-25 04:00:00,South,Books,12
582,Customer_582,3701.7154472952416,2024-01-25 05:00:00,South,Food,18
583,Customer_583,1988.187277149857,2024-01-25 06:00:00,North,Clothing,17
584,Customer_584,3535.9174481440105,2024-01-25 07:00:00,East,Books,30
585,Customer_585,5517.651452164367,2024-01-25 08:00:00,West,Books,24
586,Customer_586,9918.55152169457,2024-01-25 09:00:00,North,Books,11
587,Customer_587,6675.596959410678,2024-01-25 10:00:00,South,Food,35
588,Customer_588,2072.5349486423092,2024-01-25 11:00:00,South,Clothing,23
589,Customer_589,545.1182717563562,2024-01-25 12:00:00,East,Books,17
590,Customer_590,1350.929165013655,2024-01-25 13:00:00,West,Electronics,1
591,Customer_591,5669.296492603169,2024-01-25 14:00:00,North,Clothing,15
592,Customer_592,7675.087255285986,2024-01-25 15:00:00,North,Electronics,32
593,Customer_593,9410.150152277394,2024-01-25 16:00:00,West,Electronics,9
594,Customer_594,256.6494027685261,2024-01-25 17:00:00,North,Books,15
595,Customer_595,5275.325401462511,2024-01-25 18:00:00,West,Books,28
596,Customer_596,4761.58682660945,2024-01-25 19:00:00,South,Food,24
597,Customer_597,6594.94471755947,2024-01-25 20:00:00,West,Food,35
598,Customer_598,5639.830659206886,2024-01-25 21:00:00,North,Food,22
599,Customer_599,6901.687590766557,2024-01-25 22:00:00,West,Clothing,27
600,Customer_600,6615.017589016985,2024-01-25 23:00:00,East,Food,19
601,Customer_601,1258.4160760936675,2024-01-26 00:00:00,South,Electronics,45
602,Customer_602,8017.207344825324,2024-01-26 01:00:00,South,Food,12
603,Customer_603,1320.002499591616,2024-01-26 02:00:00,West,Books,20
604,Customer_604,7015.453189570458,2024-01-26 03:00:00,North,Food,1
605,Customer_605,4219.839139642007,2024-01-26 04:00:00,East,Clothing,21
606,Customer_606,5187.122272308319,2024-01-26 05:00:00,South,Clothing,49
607,Customer_607,9042.650342319535,2024-01-26 06:00:00,South,Electronics,45
608,Customer_608,8909.848892087517,2024-01-26 07:00:00,North,Clothing,1
609,Customer_609,8196.777425984792,2024-01-26 08:00:00,North,Food,10
610,Customer_610,5150.4689665176,2024-01-26 09:00:00,East,Books,47
611,Customer_611,7388.774120324948,2024-01-26 10:00:00,West,Clothing,32
612,Customer_612,5177.680849636213,2024-01-26 11:00:00,North,Electronics,39
613,Customer_613,8709.100216500297,2024-01-26 12:00:00,West,Food,22
614,Customer_614,4087.4807490057087,2024-01-26 13:00:00,East,Electronics,18
615,Customer_615,9705.32990970728,2024-01-26 14:00:00,West,Clothing,48
616,Customer_616,9329.995306465888,2024-01-26 15:00:00,South,Clothing,46
617,Customer_617,7441.865932572677,2024-01-26 16:00:00,West,Electronics,32
618,Customer_618,2866.2172533431126,2024-01-26 17:00:00,East,Food,27
619,Customer_619,1403.370529053258,2024-01-26 18:00:00,East,Clothing,28
620,Customer_620,8561.564155922655,2024-01-26 19:00:00,East,Books,18
621,Customer_621,1736.4926327658166,2024-01-26 20:00:00,West,Clothing,39
622,Customer_622,8557.181811073624,2024-01-26 21:00:00,South,Food,49
623,Customer_623,4958.573566452368,2024-01-26 22:00:00,North,Clothing,29
624,Customer_624,4124.912159700232,2024-01-26 23:00:00,South,Electronics,18
625,Customer_625,9041.588710460848,2024-01-27 00:00:00,West,Clothing,44
626,Customer_626,6078.124727148751,2024-01-27 01:00:00,West,Clothing,8
627,Customer_627,5808.478670584206,2024-01-27 02:00:00,North,Food,31
628,Customer_628,5631.782851781537,2024-01-27 03:00:00,West,Electronics,34
629,Customer_629,3774.578208593361,2024-01-27 04:00:00,East,Food,7
630,Customer_630,7877.86672493836,2024-01-27 05:00:00,East,Clothing,36
631,Customer_631,2602.7045957561527,2024-01-27 06:00:00,East,Books,18
632,Customer_632,9395.060104408623,2024-01-27 07:00:00,East,Clothing,38
633,Customer_633,8950.453529964912,2024-01-27 08:00:00,East,Food,9
634,Customer_634,3441.0552241814917,2024-01-27 09:00:00,West,Books,9
635,Customer_635,7321.691321333471,2024-01-27 10:00:00,North,Food,46
636,Customer_636,5774.909625050956,2024-01-27 11:00:00,North,Food,8
637,Customer_637,3442.7280897924225,2024-01-27 12:00:00,East,Electronics,35
638,Customer_638,9886.364315154922,2024-01-27 13:00:00,West,Books,18
639,Customer_639,349.8497238978156,2024-01-27 14:00:00,South,Clothing,5
640,Customer_640,2601.1957031507377,2024-01-27 15:00:00,South,Food,14
641,Customer_641,5248.733205000389,2024-01-27 16:00:00,West,Clothing,28
642,Customer_642,5267.334734437783,2024-01-27 17:00:00,East,Electronics,30
643,Customer_643,5930.437441961085,2024-01-27 18:00:00,North,Electronics,4
644,Customer_644,7541.5941030269005,2024-01-27 19:00:00,West,Books,39
645,Customer_645,6272.430522141034,2024-01-27 20:00:00,South,Electronics,20
646,Customer_646,6042.786459227566,2024-01-27 21:00:00,South,Electronics,25
647,Customer_647,629.7931828391286,2024-01-27 22:00:00,South,Clothing,28
648,Customer_648,3827.6498491140533,2024-01-27 23:00:00,East,Electronics,12
649,Customer_649,2397.3518230414443,2024-01-28 00:00:00,South,Electronics,2
650,Customer_650,2727.1641048595566,2024-01-28 01:00:00,West,Food,43
651,Customer_651,5587.940995969414,2024-01-28 02:00:00,West,Electronics,14
652,Customer_652,2075.1026178031234,2024-01-28 03:00:00,South,Food,22
653,Customer_653,3010.0961000672855,2024-01-28 04:00:00,West,Electronics,31
654,Customer_654,2447.138614321667,2024-01-28 05:00:00,South,Electronics,23
655,Customer_655,9490.179137860128,2024-01-28 06:00:00,South,Books,48
656,Customer_656,9452.190748493842,2024-01-28 07:00:00,North,Books,20
657,Customer_657,6138.4214301009115,2024-01-28 08:00:00,East,Food,38
658,Customer_658,9252.77244044581,2024-01-28 09:00:00,East,Electronics,4
659,Customer_659,7879.545190136894,2024-01-28 10:00:00,North,Clothing,15
660,Customer_660,5940.484039737907,2024-01-28 11:00:00,North,Books,24
661,Customer_661,163.70859381827756,2024-01-28 12:00:00,East,Clothing,25
662,Customer_662,7747.9112321861,2024-01-28 13:00:00,South,Books,1
663,Customer_663,7054.634581725842,2024-01-28 14:00:00,South,Books,7
664,Customer_664,6191.011167495899,2024-01-28 15:00:00,East,Electronics,31
665,Customer_665,7628.20068565647,2024-01-28 16:00:00,South,Books,12
666,Customer_666,5177.92943127018,2024-01-28 17:00:00,North,Clothing,42
667,Customer_667,7070.424386081257,2024-01-28 18:00:00,South,Books,5
668,Customer_668,9358.203658592283,2024-01-28 19:00:00,South,Food,44
669,Customer_669,3820.4696568762542,2024-01-28 20:00:00,West,Electronics,42
670,Customer_670,7110.406165516191,2024-01-28 21:00:00,West,Electronics,38
671,Customer_671,4809.309398308491,2024-01-28 22:00:00,West,Food,12
672,Customer_672,6776.556552958417,2024-01-28 23:00:00,South,Food,39
673,Customer_673,7652.644021988205,2024-01-29 00:00:00,East,Food,18
674,Customer_674,549.97975431438,2024-01-29 01:00:00,North,Books,2
675,Customer_675,6501.344395091753,2024-01-29 02:00:00,South,Electronics,10
676,Customer_676,2344.7377256287514,2024-01-29 03:00:00,East,Food,15
677,Customer_677,6733.322124294911,2024-01-29 04:00:00,South,Books,30
678,Customer_678,4736.468840744754,2024-01-29 05:00:00,North,Food,44
679,Customer_679,7758.172144462384,2024-01-29 06:00:00,South,Clothing,17
680,Customer_680,1321.6680705354047,2024-01-29 07:00:00,North,Clothing,4
681,Customer_681,6300.591281396331,2024-01-29 08:00:00,South,Electronics,7
682,Customer_682,2856.8602163827677,2024-01-29 09:00:00,North,Books,41
683,Customer_683,8544.521753772855,2024-01-29 10:00:00,South,Clothing,31
684,Customer_684,9290.996705799444,2024-01-29 11:00:00,North,Clothing,39
685,Customer_685,9964.343107422648,2024-01-29 12:00:00,West,Books,34
686,Customer_686,7980.473284030105,2024-01-29 13:00:00,South,Food,6
687,Customer_687,7561.9672972372455,2024-01-29 14:00:00,South,Books,38
688,Customer_688,2233.457512788755,2024-01-29 15:00:00,East,Food,45
689,Customer_689,3426.4698840020765,2024-01-29 16:00:00,East,Clothing,34
690,Customer_690,4710.257163446568,2024-01-29 17:00:00,North,Clothing,44
691,Customer_691,7756.472373044272,2024-01-29 18:00:00,South,Clothing,15
692,Customer_692,9158.16206427189,2024-01-29 19:00:00,North,Electronics,14
693,Customer_693,1972.4770902275477,2024-01-29 20:00:00,West,Electronics,6
694,Customer_694,9231.438098234019,2024-01-29 21:00:00,East,Electronics,37
695,Customer_695,6986.684058305174,2024-01-29 22:00:00,North,Books,32
696,Customer_696,6146.630233781882,2024-01-29 23:00:00,North,Clothing,3
697,Customer_697,2078.428585691201,2024-01-30 00:00:00,East,Clothing,3
698,Customer_698,649.6978248105905,2024-01-30 01:00:00,South,Books,22
699,Customer_699,5727.802495228605,2024-01-30 02:00:00,North,Electronics,22
700,Customer_700,6550.005264956035,2024-01-30 03:00:00,East,Books,10
701,Customer_701,2186.7363486114136,2024-01-30 04:00:00,South,Electronics,3
702,Customer_702,5608.916437672018,2024-01-30 05:00:00,West,Clothing,12
703,Customer_703,8579.284687349478,2024-01-30 06:00:00,East,Food,29
704,Customer_704,8367.152860004699,2024-01-30 07:00:00,North,Electronics,48
705,Customer_705,9280.816287804342,2024-01-30 08:00:00,West,Clothing,17
706,Customer_706,3722.2695146131164,2024-01-30 09:00:00,South,Clothing,7
707,Customer_707,3248.690768254095,2024-01-30 10:00:00,South,Food,13
708,Customer_708,7519.317459210006,2024-01-30 11:00:00,East,Clothing,2
709,Customer_709,4368.012810460349,2024-01-30 12:00:00,East,Clothing,4
710,Customer_710,966.731773875028,2024-01-30 13:00:00,East,Electronics,10
711,Customer_711,2899.7311936379474,2024-01-30 14:00:00,South,Electronics,39
712,Customer_712,4243.964626761743,2024-01-30 15:00:00,West,Food,24
713,Customer_713,2995.912612214895,2024-01-30 16:00:00,South,Food,17
714,Customer_714,3388.835152378484,2024-01-30 17:00:00,North,Clothing,6
715,Customer_715,3008.3814711264686,2024-01-30 18:00:00,South,Electronics,19
716,Customer_716,510.8417551124865,2024-01-30 19:00:00,North,Food,5
717,Customer_717,6407.237538161981,2024-01-30 20:00:00,West,Food,32
718,Customer_718,6013.194961499346,2024-01-30 21:00:00,East,Books,10
719,Customer_719,6568.496634938938,2024-01-30 22:00:00,East,Food,9
720,Customer_720,2003.867970732912,2024-01-30 23:00:00,South,Clothing,27
721,Customer_721,3026.979961963604,2024-01-31 00:00:00,East,Electronics,13
722,Customer_722,6234.19767675473,2024-01-31 01:00:00,West,Food,19
723,Customer_723,6036.312927753222,2024-01-31 02:00:00,East,Books,21
724,Customer_724,5112.670062607252,2024-01-31 03:00:00,South,Electronics,24
725,Customer_725,3569.0911751009544,2024-01-31 04:00:00,West,Food,38
726,Customer_726,9138.01694726943,2024-01-31 05:00:00,North,Books,4
727,Customer_727,3463.7253987585536,2024-01-31 06:00:00,South,Food,24
728,Customer_728,4610.629648728791,2024-01-31 07:00:00,North,Electronics,35
729,Customer_729,6813.326926446666,2024-01-31 08:00:00,West,Electronics,3
730,Customer_730,5475.912165580965,2024-01-31 09:00:00,South,Electronics,4
731,Customer_731,3534.171166007417,2024-01-31 10:00:00,South,Clothing,37
732,Customer_732,4412.883425519447,2024-01-31 11:00:00,West,Food,40
733,Customer_733,7965.3600967497105,2024-01-31 12:00:00,East,Clothing,48
734,Customer_734,2853.478639317463,2024-01-31 13:00:00,South,Electronics,35
735,Customer_735,1508.3268737904727,2024-01-31 14:00:00,South,Books,31
736,Customer_736,3200.315698114793,2024-01-31 15:00:00,North,Food,44
737,Customer_737,8510.388733330223,2024-01-31 16:00:00,East,Clothing,25
738,Customer_738,980.9981770778319,2024-01-31 17:00:00,North,Food,40
739,Customer_739,9917.791126387272,2024-01-31 18:00:00,North,Books,13
740,Customer_740,5455.928699383859,2024-01-31 19:00:00,East,Clothing,4
741,Customer_741,9849.97286527423,2024-01-31 20:00:00,East,Electronics,46
742,Customer_742,9396.064578651178,2024-01-31 21:00:00,West,Clothing,14
743,Customer_743,4582.855770688076,2024-01-31 22:00:00,East,Food,13
744,Customer_744,2065.061638592956,2024-01-31 23:00:00,South,Food,27
745,Customer_745,1732.3592879948706,2024-02-01 00:00:00,East,Food,6
746,Customer_746,2475.8947023125793,2024-02-01 01:00:00,West,Food,17
747,Customer_747,7130.313141588919,2024-02-01 02:00:00,West,Electronics,36
748,Customer_748,2802.20494784173,2024-02-01 03:00:00,West,Clothing,40
749,Customer_749,3480.110169082553,2024-02-01 04:00:00,East,Electronics,49
750,Customer_750,4542.910159546686,2024-02-01 05:00:00,East,Electronics,35
751,Customer_751,9141.003536172419,2024-02-01 06:00:00,North,Electronics,17
752,Customer_752,1974.9948370599764,2024-02-01 07:00:00,North,Food,41
753,Customer_753,149.76287083705083,2024-02-01 08:00:00,South,Food,2
754,Customer_754,694.9544627438845,2024-02-01 09:00:00,North,Food,13
755,Customer_755,9057.186782633167,2024-02-01 10:00:00,South,Clothing,2
756,Customer_756,6510.413001949295,2024-02-01 11:00:00,West,Books,28
757,Customer_757,2803.102131345287,2024-02-01 12:00:00,North,Food,43
758,Customer_758,1854.205760010792,2024-02-01 13:00:00,East,Clothing,26
759,Customer_759,3013.240692707432,2024-02-01 14:00:00,North,Food,22
760,Customer_760,1236.489579787673,2024-02-01 15:00:00,South,Food,47
761,Customer_761,9421.175811815967,2024-02-01 16:00:00,North,Electronics,43
762,Customer_762,7863.641126216142,2024-02-01 17:00:00,West,Electronics,3
763,Customer_763,4677.6726514341535,2024-02-01 18:00:00,East,Electronics,35
764,Customer_764,8663.1297906405,2024-02-01 19:00:00,South,Clothing,12
765,Customer_765,2569.6362225029998,2024-02-01 20:00:00,East,Books,24
766,Customer_766,7199.4936278747155,2024-02-01 21:00:00,East,Books,5
767,Customer_767,8575.71174023606,2024-02-01 22:00:00,South,Clothing,20
768,Customer_768,3632.010245070399,2024-02-01 23:00:00,East,Food,39
769,Customer_769,7598.898009962105,2024-02-02 00:00:00,East,Clothing,39
770,Customer_770,3021.2162577166628,2024-02-02 01:00:00,North,Food,13
771,Customer_771,3058.6856390644048,2024-02-02 02:00:00,East,Clothing,41
772,Customer_772,1159.866067686442,2024-02-02 03:00:00,East,Clothing,45
773,Customer_773,4456.574660443048,2024-02-02 04:00:00,East,Clothing,12
774,Customer_774,7324.14787432448,2024-02-02 05:00:00,East,Books,13
775,Customer_775,9408.18597515572,2024-02-02 06:00:00,South,Electronics,10
776,Customer_776,6077.590220098051,2024-02-02 07:00:00,West,Clothing,33
777,Customer_777,8645.041823583817,2024-02-02 08:00:00,North,Books,40
778,Customer_778,8242.697027973249,2024-02-02 09:00:00,East,Electronics,16
779,Customer_779,1816.0962244552804,2024-02-02 10:00:00,East,Electronics,45
780,Customer_780,4909.5925462350515,2024-02-02 11:00:00,South,Clothing,35
781,Customer_781,1257.5430017013757,2024-02-02 12:00:00,West,Food,3
782,Customer_782,6853.316299460186,2024-02-02 13:00:00,East,Food,5
783,Customer_783,9504.006715636153,2024-02-02 14:00:00,South,Food,26
784,Customer_784,1457.1856349796894,2024-02-02 15:00:00,North,Clothing,11
785,Customer_785,7365.442994945159,2024-02-02 16:00:00,North,Food,7
786,Customer_786,6359.157693591824,2024-02-02 17:00:00,East,Books,10
787,Customer_787,5877.689866380188,2024-02-02 18:00:00,East,Books,42
788,Customer_788,3962.1903234145584,2024-02-02 19:00:00,West,Books,34
789,Customer_789,3615.8033127627446,2024-02-02 20:00:00,West,Books,3
790,Customer_790,547.9669712869897,2024-02-02 21:00:00,East,Electronics,8
791,Customer_791,2257.2962116949334,2024-02-02 22:00:00,South,Books,31
792,Customer_792,250.2511346395863,2024-02-02 23:00:00,West,Food,11
793,Customer_793,5856.0293452620035,2024-02-03 00:00:00,East,Clothing,45
794,Customer_794,1147.9470351912976,2024-02-03 01:00:00,West,Food,7
795,Customer_795,8742.89200089419,2024-02-03 02:00:00,East,Books,45
796,Customer_796,5279.115904901936,2024-02-03 03:00:00,North,Electronics,2
797,Customer_797,7026.9300996812135,2024-02-03 04:00:00,East,Books,6
798,Customer_798,4167.485209220915,2024-02-03 05:00:00,North,Clothing,41
799,Customer_799,5649.740109110382,2024-02-03 06:00:00,West,Food,32
800,Customer_800,9432.325851969641,2024-02-03 07:00:00,East,Clothing,20
801,Customer_801,919.0669922743406,2024-02-03 08:00:00,West,Clothing,34
802,Customer_802,2613.983942044592,2024-02-03 09:00:00,North,Clothing,16
803,Customer_803,7821.884436414389,2024-02-03 10:00:00,East,Food,25
804,Customer_804,1077.498348138392,2024-02-03 11:00:00,West,Books,12
805,Customer_805,849.0449286506974,2024-02-03 12:00:00,North,Clothing,7
806,Customer_806,3679.259847664982,2024-02-03 13:00:00,West,Food,39
807,Customer_807,1012.4627888770799,2024-02-03 14:00:00,South,Electronics,17
808,Customer_808,5892.2765778414105,2024-02-03 15:00:00,North,Food,45
809,Customer_809,2340.1249830843385,2024-02-03 16:00:00,North,Electronics,11
810,Customer_810,8967.409835673787,2024-02-03 17:00:00,North,Food,6
811,Customer_811,7856.650800368041,2024-02-03 18:00:00,East,Books,23
812,Customer_812,7027.081540384814,2024-02-03 19:00:00,East,Clothing,27
813,Customer_813,6207.745871106569,2024-02-03 20:00:00,East,Books,46
814,Customer_814,8648.310730380486,2024-02-03 21:00:00,South,Food,6
815,Customer_815,2308.314409273293,2024-02-03 22:00:00,South,Clothing,38
816,Customer_816,8743.777543365853,2024-02-03 23:00:00,North,Electronics,2
817,Customer_817,7915.973754398118,2024-02-04 00:00:00,South,Food,22
818,Customer_818,7506.792181238087,2024-02-04 01:00:00,West,Clothing,20
819,Customer_819,5656.431212941748,2024-02-04 02:00:00,North,Electronics,25
820,Customer_820,2537.8171936089407,2024-02-04 03:00:00,North,Electronics,15
821,Customer_821,4293.124368319774,2024-02-04 04:00:00,West,Books,49
822,Customer_822,7956.349479934136,2024-02-04 05:00:00,North,Food,29
823,Customer_823,414.606995137512,2024-02-04 06:00:00,South,Electronics,8
824,Customer_824,7842.302615711207,2024-02-04 07:00:00,East,Clothing,37
825,Customer_825,2476.700330826908,2024-02-04 08:00:00,West,Electronics,49
826,Customer_826,1528.66108714387,2024-02-04 09:00:00,South,Electronics,33
827,Customer_827,1245.4430499849914,2024-02-04 10:00:00,West,Books,22
828,Customer_828,369.7751183130696,2024-02-04 11:00:00,West,Books,47
829,Customer_829,5283.506203692384,2024-02-04 12:00:00,North,Clothing,5
830,Customer_830,2260.772739667922,2024-02-04 13:00:00,North,Books,39
831,Customer_831,9895.374481218352,2024-02-04 14:00:00,South,Electronics,18
832,Customer_832,5786.9238831348375,2024-02-04 15:00:00,West,Electronics,38
833,Customer_833,1465.064166624503,2024-02-04 16:00:00,North,Books,37
834,Customer_834,6918.749154032517,2024-02-04 17:00:00,North,Electronics,30
835,Customer_835,8987.66130844628,2024-02-04 18:00:00,West,Electronics,31
836,Customer_836,7477.277004159182,2024-02-04 19:00:00,South,Clothing,10
837,Customer_837,856.7546242905319,2024-02-04 20:00:00,South,Books,15
838,Customer_838,8969.25339380733,2024-02-04 21:00:00,West,Electronics,42
839,Customer_839,7959.900920013651,2024-02-04 22:00:00,South,Books,48
840,Customer_840,1667.208611045582,2024-02-04 23:00:00,North,Clothing,44
841,Customer_841,612.680298454887,2024-02-05 00:00:00,West,Books,18
842,Customer_842,5617.374695611654,2024-02-05 01:00:00,North,Electronics,23
843,Customer_843,1644.7545322657713,2024-02-05 02:00:00,East,Books,33
844,Customer_844,8362.450430693194,2024-02-05 03:00:00,East,Electronics,16
845,Customer_845,3647.51310104957,2024-02-05 04:00:00,South,Electronics,38
846,Customer_846,9137.635202892096,2024-02-05 05:00:00,East,Electronics,35
847,Customer_847,5700.312904195957,2024-02-05 06:00:00,North,Clothing,34
848,Customer_848,1908.4566039727147,2024-02-05 07:00:00,East,Books,28
849,Customer_849,1482.028786862021,2024-02-05 08:00:00,North,Clothing,2
850,Customer_850,5807.077131821764,2024-02-05 09:00:00,South,Books,30
851,Customer_851,7642.647757438194,2024-02-05 10:00:00,South,Clothing,13
852,Customer_852,7836.905912647603,2024-02-05 11:00:00,North,Food,41
853,Customer_853,2829.9983039686845,2024-02-05 12:00:00,East,Electronics,16
854,Customer_854,2122.042913230458,2024-02-05 13:00:00,South,Electronics,5
855,Customer_855,265.88741447458585,2024-02-05 14:00:00,West,Clothing,28
856,Customer_856,6824.0715968915765,2024-02-05 15:00:00,South,Food,39
857,Customer_857,858.025758492036,2024-02-05 16:00:00,East,Electronics,45
858,Customer_858,4265.535897482665,2024-02-05 17:00:00,West,Books,20
859,Customer_859,6056.653423781131,2024-02-05 18:00:00,East,Clothing,24
860,Customer_860,9377.378554704803,2024-02-05 19:00:00,North,Electronics,27
861,Customer_861,3186.8411558621096,2024-02-05 20:00:00,West,Electronics,30
862,Customer_862,2572.7444082205457,2024-02-05 21:00:00,East,Clothing,45
863,Customer_863,6576.185527432374,2024-02-05 22:00:00,West,Clothing,27
864,Customer_864,6230.466417330458,2024-02-05 23:00:00,East,Books,26
865,Customer_865,3387.8868547504335,2024-02-06 00:00:00,West,Books,7
866,Customer_866,9288.208171546887,2024-02-06 01:00:00,East,Electronics,42
867,Customer_867,8464.137042147364,2024-02-06 02:00:00,North,Electronics,47
868,Customer_868,2317.427204064303,2024-02-06 03:00:00,West,Clothing,38
869,Customer_869,2467.5111998017796,2024-02-06 04:00:00,West,Electronics,5
870,Customer_870,5171.773434182098,2024-02-06 05:00:00,West,Electronics,23
871,Customer_871,7758.363807134131,2024-02-06 06:00:00,West,Clothing,28
872,Customer_872,535.9997559457975,2024-02-06 07:00:00,North,Electronics,34
873,Customer_873,6964.018021973596,2024-02-06 08:00:00,West,Electronics,15
874,Customer_874,6517.53538408276,2024-02-06 09:00:00,South,Food,32
875,Customer_875,2391.6529495385835,2024-02-06 10:00:00,North,Books,26
876,Customer_876,6845.394831089353,2024-02-06 11:00:00,South,Clothing,48
877,Customer_877,9407.813593395618,2024-02-06 12:00:00,West,Food,31
878,Customer_878,563.1798652205084,2024-02-06 13:00:00,East,Books,19
879,Customer_879,3264.555347391419,2024-02-06 14:00:00,South,Books,9
880,Customer_880,4437.949494996918,2024-02-06 15:00:00,West,Books,29
881,Customer_881,9002.677553354426,2024-02-06 16:00:00,South,Food,39
882,Customer_882,9626.388321430652,2024-02-06 17:00:00,West,Food,4
883,Customer_883,4496.74094031369,2024-02-06 18:00:00,West,Books,3
884,Customer_884,7525.281280207692,2024-02-06 19:00:00,West,Electronics,29
885,Customer_885,5363.444135268382,2024-02-06 20:00:00,East,Electronics,11
886,Customer_886,5424.051053939627,2024-02-06 21:00:00,South,Food,33
887,Customer_887,2853.185199156929,2024-02-06 22:00:00,North,Food,38
888,Customer_888,2247.8668340524073,2024-02-06 23:00:00,North,Food,11
889,Customer_889,2951.252924648007,2024-02-07 00:00:00,North,Books,27
890,Customer_890,5607.647271845085,2024-02-07 01:00:00,North,Electronics,33
891,Customer_891,388.63634161868106,2024-02-07 02:00:00,West,Food,21
892,Customer_892,9081.764549128417,2024-02-07 03:00:00,South,Food,39
893,Customer_893,1647.2087245427845,2024-02-07 04:00:00,South,Clothing,31
894,Customer_894,2278.8779010267267,2024-02-07 05:00:00,East,Books,38
895,Customer_895,5230.934146831699,2024-02-07 06:00:00,South,Clothing,46
896,Customer_896,7130.136186739065,2024-02-07 07:00:00,South,Electronics,2
897,Customer_897,1047.7176419695334,2024-02-07 08:00:00,South,Clothing,27
898,Customer_898,3245.1775057169057,2024-02-07 09:00:00,East,Clothing,36
899,Customer_899,9689.878595186135,2024-02-07 10:00:00,North,Clothing,11
900,Customer_900,2697.1953711313627,2024-02-07 11:00:00,South,Books,47
901,Customer_901,3199.196436125154,2024-02-07 12:00:00,East,Electronics,18
902,Customer_902,8381.335057118531,2024-02-07 13:00:00,East,Clothing,1
903,Customer_903,597.122873735507,2024-02-07 14:00:00,West,Books,35
904,Customer_904,4699.670371208811,2024-02-07 15:00:00,East,Electronics,35
905,Customer_905,3858.2059680715356,2024-02-07 16:00:00,North,Food,31
906,Customer_906,3234.2089230956462,2024-02-07 17:00:00,South,Clothing,28
907,Customer_907,2928.425981043169,2024-02-07 18:00:00,East,Electronics,39
908,Customer_908,1004.6036381180511,2024-02-07 19:00:00,North,Clothing,1
909,Customer_909,3216.7757105813234,2024-02-07 20:00:00,East,Food,25
910,Customer_910,526.2187868851188,2024-02-07 21:00:00,East,Electronics,43
911,Customer_911,7831.5422500799095,2024-02-07 22:00:00,East,Books,38
912,Customer_912,4042.4551601843154,2024-02-07 23:00:00,East,Electronics,20
913,Customer_913,4494.647939967125,2024-02-08 00:00:00,East,Books,3
914,Customer_914,8946.586405856302,2024-02-08 01:00:00,North,Electronics,2
915,Customer_915,6614.744340226085,2024-02-08 02:00:00,South,Books,18
916,Customer_916,179.7851230869859,2024-02-08 03:00:00,South,Food,44
917,Customer_917,9437.430747316721,2024-02-08 04:00:00,South,Food,10
918,Customer_918,2447.7302131793413,2024-02-08 05:00:00,South,Food,5
919,Customer_919,1165.3804291226027,2024-02-08 06:00:00,North,Electronics,9
920,Customer_920,7704.468965970734,2024-02-08 07:00:00,West,Food,2
921,Customer_921,5054.72542708051,2024-02-08 08:00:00,West,Clothing,34
922,Customer_922,4394.328603578374,2024-02-08 09:00:00,North,Food,38
923,Customer_923,2570.0804888591433,2024-02-08 10:00:00,North,Books,31
924,Customer_924,5519.967749636955,2024-02-08 11:00:00,East,Books,10
925,Customer_925,2816.407591505616,2024-02-08 12:00:00,East,Books,12
926,Customer_926,9025.671752341968,2024-02-08 13:00:00,East,Electronics,36
927,Customer_927,2230.5243493586086,2024-02-08 14:00:00,South,Clothing,21
928,Customer_928,8855.11598951196,2024-02-08 15:00:00,East,Food,49
929,Customer_929,5638.113714700834,2024-02-08 16:00:00,West,Clothing,47
930,Customer_930,8302.032525562887,2024-02-08 17:00:00,South,Clothing,6
931,Customer_931,7157.175359023454,2024-02-08 18:00:00,East,Books,48
932,Customer_932,6997.281603223811,2024-02-08 19:00:00,South,Books,49
933,Customer_933,3311.0234961810515,2024-02-08 20:00:00,West,Books,3
934,Customer_934,2415.5796215748146,2024-02-08 21:00:00,East,Electronics,10
935,Customer_935,2187.7736540398023,2024-02-08 22:00:00,West,Clothing,5
936,Customer_936,8586.197404889928,2024-02-08 23:00:00,West,Clothing,46
937,Customer_937,8222.225520564298,2024-02-09 00:00:00,West,Electronics,26
938,Customer_938,4461.677927321843,2024-02-09 01:00:00,East,Electronics,21
939,Customer_939,1410.8056736149006,2024-02-09 02:00:00,North,Electronics,45
940,Customer_940,3884.297294576838,2024-02-09 03:00:00,East,Clothing,26
941,Customer_941,6231.500195955423,2024-02-09 04:00:00,West,Clothing,38
942,Customer_942,4598.591229351533,2024-02-09 05:00:00,East,Books,44
943,Customer_943,7823.87375798165,2024-02-09 06:00:00,West,Books,26
944,Customer_944,9976.465940288716,2024-02-09 07:00:00,North,Clothing,8
945,Customer_945,1992.2076756440788,2024-02-09 08:00:00,South,Books,5
946,Customer_946,4650.543114629767,2024-02-09 09:00:00,North,Electronics,15
947,Customer_947,4366.740629016138,2024-02-09 10:00:00,North,Food,16
948,Customer_948,3114.476074214613,2024-02-09 11:00:00,South,Books,1
949,Customer_949,2061.145615530867,2024-02-09 12:00:00,East,Clothing,16
950,Customer_950,750.3519532476263,2024-02-09 13:00:00,South,Books,37
951,Customer_951,8882.481240514615,2024-02-09 14:00:00,East,Books,3
952,Customer_952,4256.502107094544,2024-02-09 15:00:00,East,Books,47
953,Customer_953,5019.265633150484,2024-02-09 16:00:00,West,Food,31
954,Customer_954,9177.726277189067,2024-02-09 17:00:00,West,Electronics,13
955,Customer_955,7785.275727407883,2024-02-09 18:00:00,South,Clothing,16
956,Customer_956,1391.9625147601237,2024-02-09 19:00:00,North,Food,43
957,Customer_957,5697.65767931665,2024-02-09 20:00:00,South,Clothing,21
958,Customer_958,4478.297537543635,2024-02-09 21:00:00,East,Clothing,2
959,Customer_959,7992.389618529752,2024-02-09 22:00:00,West,Clothing,27
960,Customer_960,7269.9022213582975,2024-02-09 23:00:00,South,Food,38
961,Customer_961,6935.016646919613,2024-02-10 00:00:00,South,Electronics,26
962,Customer_962,3471.3938712509794,2024-02-10 01:00:00,West,Clothing,38
963,Customer_963,8069.14093095262,2024-02-10 02:00:00,West,Electronics,46
964,Customer_964,618.6738263891261,2024-02-10 03:00:00,West,Electronics,25
965,Customer_965,1680.2865241784557,2024-02-10 04:00:00,East,Books,11
966,Customer_966,3422.670402481326,2024-02-10 05:00:00,West,Food,8
967,Customer_967,860.3936665858847,2024-02-10 06:00:00,North,Food,8
968,Customer_968,2426.443347593447,2024-02-10 07:00:00,South,Books,33
969,Customer_969,8318.49473167939,2024-02-10 08:00:00,West,Books,7
970,Customer_970,9487.690224121785,2024-02-10 09:00:00,West,Electronics,38
971,Customer_971,3115.5633221644857,2024-02-10 10:00:00,East,Clothing,21
972,Customer_972,2718.7064594894982,2024-02-10 11:00:00,East,Food,8
973,Customer_973,2870.9372572396264,2024-02-10 12:00:00,South,Clothing,21
974,Customer_974,2849.4189647733538,2024-02-10 13:00:00,North,Clothing,20
975,Customer_975,455.70880364113265,2024-02-10 14:00:00,South,Books,8
976,Customer_976,9276.47182867797,2024-02-10 15:00:00,West,Clothing,46
977,Customer_977,2215.611601546251,2024-02-10 16:00:00,North,Electronics,31
978,Customer_978,4258.040333405909,2024-02-10 17:00:00,North,Books,29
979,Customer_979,195.90013913558062,2024-02-10 18:00:00,North,Clothing,48
980,Customer_980,8593.755400059066,2024-02-10 19:00:00,North,Books,9
981,Customer_981,7338.45771010368,2024-02-10 20:00:00,South,Electronics,15
982,Customer_982,9472.884748219662,2024-02-10 21:00:00,East,Electronics,30
983,Customer_983,7837.993244044351,2024-02-10 22:00:00,East,Clothing,26
984,Customer_984,3205.694469315446,2024-02-10 23:00:00,West,Books,10
985,Customer_985,2553.946251411394,2024-02-11 00:00:00,East,Clothing,29
986,Customer_986,7007.391444777601,2024-02-11 01:00:00,East,Clothing,16
987,Customer_987,3704.7164726039446,2024-02-11 02:00:00,East,Books,36
988,Customer_988,5705.528655950904,2024-02-11 03:00:00,East,Clothing,20
989,Customer_989,161.94896316205526,2024-02-11 04:00:00,West,Electronics,45
990,Customer_990,712.668446636705,2024-02-11 05:00:00,South,Books,37
991,Customer_991,5400.142617698347,2024-02-11 06:00:00,North,Books,22
992,Customer_992,5704.109299836835,2024-02-11 07:00:00,East,Books,7
993,Customer_993,7539.384150147502,2024-02-11 08:00:00,South,Books,23
994,Customer_994,1406.4566642772213,2024-02-11 09:00:00,East,Clothing,41
995,Customer_995,5180.51252919211,2024-02-11 10:00:00,East,Clothing,40
996,Customer_996,2025.0316798737172,2024-02-11 11:00:00,North,Electronics,29
997,Customer_997,1022.6415836706774,2024-02-11 12:00:00,North,Food,16
998,Customer_998,4163.90836119949,2024-02-11 13:00:00,North,Food,38
999,Customer_999,1717.0328160816666,2024-02-11 14:00:00,East,Electronics,28
1000,Customer_1000,2295.6415841039543,2024-02-11 15:00:00,East,Food,48
