account_id,account_holder,balance,last_transaction_date,account_type,interest_rate,transactions_count
1,Holder_1,57704.25739200763,2025-01-01 00:00:00,Checking,4.902194585882634,140
2,Holder_2,82130.07285321919,2025-01-01 01:00:00,Investment,1.2133410531233424,355
3,Holder_3,33347.15016629473,2025-01-01 02:00:00,Investment,2.693605259587883,381
4,Holder_4,35611.82548196449,2025-01-01 03:00:00,Investment,2.1385447557867745,168
5,Holder_5,60038.30325218082,2025-01-01 04:00:00,Investment,3.377238896543441,54
6,Holder_6,28147.076023290552,2025-01-01 05:00:00,Checking,1.080663840002412,386
7,Holder_7,3634.228241690729,2025-01-01 06:00:00,Investment,2.436423926190759,178
8,Holder_8,73787.62329205801,2025-01-01 07:00:00,Investment,1.7361726476321464,297
9,Holder_9,62939.341381203856,2025-01-01 08:00:00,Investment,4.494881861022597,301
10,Holder_10,58494.84390651025,2025-01-01 09:00:00,Investment,0.6826357046061279,359
11,Holder_11,74426.72877019049,2025-01-01 10:00:00,Savings,4.611773723029066,106
12,Holder_12,67847.85291864171,2025-01-01 11:00:00,Checking,4.248473623488502,137
13,Holder_13,21382.316829653795,2025-01-01 12:00:00,Checking,1.8390682239836695,190
14,Holder_14,35895.62364739176,2025-01-01 13:00:00,Investment,4.051807946046971,128
15,Holder_15,13484.904026183875,2025-01-01 14:00:00,Savings,0.640461021524364,342
16,Holder_16,13855.844328370222,2025-01-01 15:00:00,Checking,4.850894976320271,47
17,Holder_17,67943.37888929738,2025-01-01 16:00:00,Checking,2.869677241654052,5
18,Holder_18,86001.41059126733,2025-01-01 17:00:00,Investment,1.8647646172945036,460
19,Holder_19,96310.52580225277,2025-01-01 18:00:00,Investment,2.1316244566760467,257
20,Holder_20,63206.364637394996,2025-01-01 19:00:00,Checking,0.7988240905722381,300
21,Holder_21,19226.03101273474,2025-01-01 20:00:00,Checking,4.952072813189177,150
22,Holder_22,11459.384199444139,2025-01-01 21:00:00,Savings,0.676813753178116,294
23,Holder_23,81472.24618213902,2025-01-01 22:00:00,Checking,3.4470820541653655,243
24,Holder_24,58296.89115963993,2025-01-01 23:00:00,Checking,2.4923116746790623,275
25,Holder_25,62210.21708035826,2025-01-02 00:00:00,Investment,4.770122981849218,208
26,Holder_26,78364.74678671622,2025-01-02 01:00:00,Checking,1.6069988313805783,415
27,Holder_27,70624.4455455127,2025-01-02 02:00:00,Investment,2.894390707721051,115
28,Holder_28,83611.36703275357,2025-01-02 03:00:00,Checking,2.6706029386223884,195
29,Holder_29,6565.1766405279695,2025-01-02 04:00:00,Checking,3.6628989982254563,343
30,Holder_30,75004.54303790398,2025-01-02 05:00:00,Checking,0.8060460437858923,170
31,Holder_31,85234.42297488745,2025-01-02 06:00:00,Savings,1.3720510851050969,379
32,Holder_32,29327.36920337312,2025-01-02 07:00:00,Investment,1.4655416904178242,82
33,Holder_33,64404.280125332036,2025-01-02 08:00:00,Savings,3.8216783967876036,154
34,Holder_34,32102.044319860237,2025-01-02 09:00:00,Checking,1.3511241334703303,141
35,Holder_35,95839.13558176295,2025-01-02 10:00:00,Savings,3.080712937509395,314
36,Holder_36,4308.933671114872,2025-01-02 11:00:00,Investment,1.4685971922542915,146
37,Holder_37,58399.49153946255,2025-01-02 12:00:00,Checking,4.3773122753779035,323
38,Holder_38,17483.851157901994,2025-01-02 13:00:00,Savings,4.739834545203373,122
39,Holder_39,71509.8003125387,2025-01-02 14:00:00,Savings,2.8332183872400822,252
40,Holder_40,18413.13805844755,2025-01-02 15:00:00,Investment,2.0853899789413024,343
41,Holder_41,24302.942927937398,2025-01-02 16:00:00,Savings,1.553259987578746,387
42,Holder_42,49942.71029353005,2025-01-02 17:00:00,Investment,0.724014506853697,311
43,Holder_43,91568.66004969094,2025-01-02 18:00:00,Checking,1.7082503428887292,89
44,Holder_44,21959.722842649113,2025-01-02 19:00:00,Checking,3.4440610097539306,475
45,Holder_45,15279.76209069225,2025-01-02 20:00:00,Savings,2.9012761908914486,58
46,Holder_46,76138.70635354903,2025-01-02 21:00:00,Checking,4.748185752264173,492
47,Holder_47,50561.333701059164,2025-01-02 22:00:00,Checking,2.2832476812126528,63
48,Holder_48,91266.72612579537,2025-01-02 23:00:00,Savings,3.6223850404777753,347
49,Holder_49,15514.841158824387,2025-01-03 00:00:00,Checking,2.7019523636380463,308
50,Holder_50,64946.86140928089,2025-01-03 01:00:00,Savings,2.8065929716589526,487
51,Holder_51,24055.035469029688,2025-01-03 02:00:00,Investment,1.7049844157185288,473
52,Holder_52,16519.28243651229,2025-01-03 03:00:00,Investment,2.5472784957889987,382
53,Holder_53,68659.51210056979,2025-01-03 04:00:00,Investment,2.6185324865571826,280
54,Holder_54,59774.77737096459,2025-01-03 05:00:00,Savings,3.679891347870203,72
55,Holder_55,75727.9183778708,2025-01-03 06:00:00,Savings,4.7328799963375126,9
56,Holder_56,31636.795068172054,2025-01-03 07:00:00,Checking,1.9819457486712693,366
57,Holder_57,45349.193981836805,2025-01-03 08:00:00,Checking,0.689902108615843,421
58,Holder_58,41141.69595671143,2025-01-03 09:00:00,Checking,2.733328064752879,94
59,Holder_59,98424.85693268491,2025-01-03 10:00:00,Checking,2.9500759946712587,373
60,Holder_60,29932.6467171994,2025-01-03 11:00:00,Checking,1.2579824800936186,339
61,Holder_61,30186.90659632992,2025-01-03 12:00:00,Savings,3.9220907282423,437
62,Holder_62,36100.27267403213,2025-01-03 13:00:00,Savings,4.932180987986713,336
63,Holder_63,56894.81404774183,2025-01-03 14:00:00,Investment,4.755986226538075,152
64,Holder_64,25979.95168211078,2025-01-03 15:00:00,Investment,1.3869771747064348,492
65,Holder_65,91613.70409754812,2025-01-03 16:00:00,Investment,4.439134579553423,405
66,Holder_66,27302.870921760084,2025-01-03 17:00:00,Investment,3.670221363852581,356
67,Holder_67,89685.75742445927,2025-01-03 18:00:00,Savings,2.542309537131102,40
68,Holder_68,11244.03130101188,2025-01-03 19:00:00,Savings,2.9327494744612808,359
69,Holder_69,65999.70753756558,2025-01-03 20:00:00,Savings,4.323200787421062,495
70,Holder_70,90791.56632538613,2025-01-03 21:00:00,Checking,2.660607228372679,62
71,Holder_71,17706.194401424724,2025-01-03 22:00:00,Checking,2.179433160973071,254
72,Holder_72,96864.36904982624,2025-01-03 23:00:00,Investment,2.719613718616936,454
73,Holder_73,45835.452681135655,2025-01-04 00:00:00,Checking,3.106084118157721,69
74,Holder_74,94625.79573566142,2025-01-04 01:00:00,Savings,1.3508494420025698,398
75,Holder_75,68005.18431937465,2025-01-04 02:00:00,Investment,4.554084786201458,245
76,Holder_76,30857.1001174816,2025-01-04 03:00:00,Investment,3.533841269733262,365
77,Holder_77,19641.949966793534,2025-01-04 04:00:00,Checking,3.3497101280187,170
78,Holder_78,31069.76957628484,2025-01-04 05:00:00,Investment,0.9477330178128716,178
79,Holder_79,10208.723517004824,2025-01-04 06:00:00,Checking,3.218782721776663,189
80,Holder_80,15242.928667989647,2025-01-04 07:00:00,Checking,1.0443229800732154,260
81,Holder_81,11361.383594301633,2025-01-04 08:00:00,Investment,0.8541395383792958,72
82,Holder_82,42871.410830414214,2025-01-04 09:00:00,Checking,2.8728990303907698,472
83,Holder_83,79762.25924950106,2025-01-04 10:00:00,Checking,2.3125349032092273,459
84,Holder_84,14996.971867417678,2025-01-04 11:00:00,Checking,3.1496462157030045,17
85,Holder_85,13901.722884061252,2025-01-04 12:00:00,Checking,0.9014997562575737,370
86,Holder_86,64699.46600221575,2025-01-04 13:00:00,Investment,2.439423782812663,341
87,Holder_87,20521.115214838563,2025-01-04 14:00:00,Savings,1.2865402177032108,57
88,Holder_88,10663.393772790168,2025-01-04 15:00:00,Savings,4.941950386658524,218
89,Holder_89,17518.009242352186,2025-01-04 16:00:00,Checking,3.025175955958285,107
90,Holder_90,92449.40819180083,2025-01-04 17:00:00,Checking,3.5934658742339027,304
91,Holder_91,82325.6540248429,2025-01-04 18:00:00,Checking,1.9643822630717351,428
92,Holder_92,36052.391673154314,2025-01-04 19:00:00,Savings,0.9263251165070487,173
93,Holder_93,65926.2559654119,2025-01-04 20:00:00,Checking,4.891418882525915,219
94,Holder_94,54190.29169313577,2025-01-04 21:00:00,Investment,1.7881656592243245,464
95,Holder_95,68035.30208477382,2025-01-04 22:00:00,Investment,2.407136833281084,247
96,Holder_96,68584.44409381317,2025-01-04 23:00:00,Investment,3.4243876476615878,218
97,Holder_97,63244.667490939304,2025-01-05 00:00:00,Savings,0.6111378395875008,373
98,Holder_98,27344.03548519355,2025-01-05 01:00:00,Checking,4.146166087327791,417
99,Holder_99,4861.635655518994,2025-01-05 02:00:00,Checking,2.914601855128791,31
100,Holder_100,46101.11141702077,2025-01-05 03:00:00,Checking,1.7519773418096998,368
101,Holder_101,89206.41458437967,2025-01-05 04:00:00,Savings,0.7772359338161117,47
102,Holder_102,57380.228593339016,2025-01-05 05:00:00,Savings,1.2312428696349864,134
103,Holder_103,83406.71312848889,2025-01-05 06:00:00,Savings,4.527652364840466,108
104,Holder_104,99170.80995316159,2025-01-05 07:00:00,Savings,3.5871090077115095,72
105,Holder_105,17198.004209689352,2025-01-05 08:00:00,Investment,1.6245577473660042,327
106,Holder_106,69485.98627505625,2025-01-05 09:00:00,Savings,0.7952034422526328,418
107,Holder_107,67755.06379630243,2025-01-05 10:00:00,Savings,3.6077689057398636,108
108,Holder_108,98015.58928846956,2025-01-05 11:00:00,Savings,3.075834766854943,309
109,Holder_109,98574.47266132724,2025-01-05 12:00:00,Checking,2.3203378600620574,398
110,Holder_110,68981.18256068882,2025-01-05 13:00:00,Checking,2.1362515213552875,272
111,Holder_111,25117.864406237233,2025-01-05 14:00:00,Checking,1.4756642416809873,171
112,Holder_112,80057.02797492931,2025-01-05 15:00:00,Investment,3.5132506544188296,116
113,Holder_113,11595.884286892771,2025-01-05 16:00:00,Investment,4.868006125072418,329
114,Holder_114,78289.23111299124,2025-01-05 17:00:00,Savings,1.2907186062657163,74
115,Holder_115,91109.41629032494,2025-01-05 18:00:00,Checking,3.1870247900697652,256
116,Holder_116,38900.50608207509,2025-01-05 19:00:00,Investment,2.408832750856893,81
117,Holder_117,63432.89420332496,2025-01-05 20:00:00,Checking,2.510099247850992,268
118,Holder_118,43584.1304775858,2025-01-05 21:00:00,Investment,1.6436627605751648,128
119,Holder_119,44338.74044382472,2025-01-05 22:00:00,Investment,4.213106940476386,326
120,Holder_120,31726.718021703884,2025-01-05 23:00:00,Savings,2.683650218662585,403
121,Holder_121,76450.83242458214,2025-01-06 00:00:00,Savings,2.9453263348921883,235
122,Holder_122,93681.47985248402,2025-01-06 01:00:00,Investment,1.8714241075879658,41
123,Holder_123,94134.33506421166,2025-01-06 02:00:00,Savings,1.3181380955012738,181
124,Holder_124,18303.34720261845,2025-01-06 03:00:00,Investment,0.8865967469126922,157
125,Holder_125,87599.62131600003,2025-01-06 04:00:00,Investment,3.713536134162122,454
126,Holder_126,74005.7127012851,2025-01-06 05:00:00,Checking,1.3830542675953503,59
127,Holder_127,26030.902668338636,2025-01-06 06:00:00,Savings,3.6053390938495897,345
128,Holder_128,7661.17667922994,2025-01-06 07:00:00,Savings,2.2566940072112924,249
129,Holder_129,27531.72942155342,2025-01-06 08:00:00,Savings,2.3709866044534316,192
130,Holder_130,91308.61544137103,2025-01-06 09:00:00,Checking,2.6112987324174726,24
131,Holder_131,63684.68881468146,2025-01-06 10:00:00,Checking,2.1546882865739443,473
132,Holder_132,72384.41142888932,2025-01-06 11:00:00,Checking,0.9527898975016553,400
133,Holder_133,26458.082759800487,2025-01-06 12:00:00,Savings,1.893343145012806,436
134,Holder_134,72219.4274019072,2025-01-06 13:00:00,Savings,3.486804623122723,80
135,Holder_135,3784.029121514452,2025-01-06 14:00:00,Savings,3.4960298066099194,134
136,Holder_136,38156.813231528366,2025-01-06 15:00:00,Checking,1.7880093825799745,421
137,Holder_137,63048.58150569079,2025-01-06 16:00:00,Checking,2.570461819509596,213
138,Holder_138,15463.559988590701,2025-01-06 17:00:00,Investment,1.3705125260537185,388
139,Holder_139,82477.35387024654,2025-01-06 18:00:00,Checking,1.446674366884261,482
140,Holder_140,24268.098582379946,2025-01-06 19:00:00,Investment,0.6037118978297333,348
141,Holder_141,65575.83016902619,2025-01-06 20:00:00,Savings,4.535359474584851,166
142,Holder_142,41114.51711495764,2025-01-06 21:00:00,Checking,1.448179992837078,425
143,Holder_143,60008.31595228707,2025-01-06 22:00:00,Savings,1.5239024462140849,348
144,Holder_144,11637.604710261905,2025-01-06 23:00:00,Savings,1.7582064469030931,337
145,Holder_145,2674.367192239125,2025-01-07 00:00:00,Savings,1.0733363226294306,398
146,Holder_146,91046.87831064982,2025-01-07 01:00:00,Savings,3.376682974316133,71
147,Holder_147,27693.370867951096,2025-01-07 02:00:00,Checking,0.8381432892991396,214
148,Holder_148,82148.02327526546,2025-01-07 03:00:00,Savings,1.1039109184685763,435
149,Holder_149,99935.67974674782,2025-01-07 04:00:00,Investment,3.401405269655418,65
150,Holder_150,21931.694541892204,2025-01-07 05:00:00,Checking,2.0284727921664922,221
151,Holder_151,27251.903377152204,2025-01-07 06:00:00,Savings,3.685765220155351,308
152,Holder_152,66623.11897583191,2025-01-07 07:00:00,Checking,3.008411351015639,479
153,Holder_153,96579.4148254615,2025-01-07 08:00:00,Investment,1.6520952787768088,286
154,Holder_154,91665.62047088364,2025-01-07 09:00:00,Savings,3.428725777201976,185
155,Holder_155,50784.67648649291,2025-01-07 10:00:00,Investment,1.023231561317963,207
156,Holder_156,79715.91797014575,2025-01-07 11:00:00,Savings,2.9138467238601367,466
157,Holder_157,14438.839456890204,2025-01-07 12:00:00,Investment,2.467166472702656,99
158,Holder_158,97766.38023619722,2025-01-07 13:00:00,Savings,1.7054311226784835,242
159,Holder_159,96470.97016956266,2025-01-07 14:00:00,Checking,3.2180224898277503,158
160,Holder_160,17209.166830037924,2025-01-07 15:00:00,Savings,4.421001165531271,98
161,Holder_161,30642.889355507556,2025-01-07 16:00:00,Checking,4.995071148933845,42
162,Holder_162,10915.344753169926,2025-01-07 17:00:00,Savings,3.2349324593454103,139
163,Holder_163,27900.04229091979,2025-01-07 18:00:00,Savings,2.3211764344812655,283
164,Holder_164,81779.62315210546,2025-01-07 19:00:00,Investment,1.5134319509729073,408
165,Holder_165,38453.24510936069,2025-01-07 20:00:00,Investment,1.6569324022780028,227
166,Holder_166,9751.29974752908,2025-01-07 21:00:00,Investment,2.6575474016739458,423
167,Holder_167,34880.32695311155,2025-01-07 22:00:00,Savings,2.1527496557631913,72
168,Holder_168,98156.95008988673,2025-01-07 23:00:00,Savings,4.612165351812249,243
169,Holder_169,63338.67593066109,2025-01-08 00:00:00,Savings,2.157329604450693,18
170,Holder_170,42199.93369420962,2025-01-08 01:00:00,Checking,2.1805006601544594,77
171,Holder_171,17487.31283622973,2025-01-08 02:00:00,Checking,2.2259053059528964,45
172,Holder_172,98631.50293108578,2025-01-08 03:00:00,Savings,4.264790946654461,472
173,Holder_173,82264.05191704974,2025-01-08 04:00:00,Investment,3.428547443811058,371
174,Holder_174,28866.252942641022,2025-01-08 05:00:00,Investment,3.263759826435017,343
175,Holder_175,7936.800876397756,2025-01-08 06:00:00,Investment,2.0036436007273797,140
176,Holder_176,6605.9301803782455,2025-01-08 07:00:00,Savings,4.180568795745978,177
177,Holder_177,12917.436801047848,2025-01-08 08:00:00,Investment,0.6726373761006551,222
178,Holder_178,58496.08977782774,2025-01-08 09:00:00,Savings,4.418587275521509,415
179,Holder_179,92947.57869934375,2025-01-08 10:00:00,Checking,2.807374549072683,92
180,Holder_180,50177.59937259246,2025-01-08 11:00:00,Investment,2.2921260568853574,22
181,Holder_181,84451.60276316352,2025-01-08 12:00:00,Checking,2.7372527632295856,172
182,Holder_182,45142.77536612097,2025-01-08 13:00:00,Investment,3.50336988740224,92
183,Holder_183,71149.7710310147,2025-01-08 14:00:00,Savings,0.5574444193305381,192
184,Holder_184,73455.40099136358,2025-01-08 15:00:00,Savings,4.421983354062115,77
185,Holder_185,18222.406884430526,2025-01-08 16:00:00,Savings,2.5103278639012676,281
186,Holder_186,36760.38983860536,2025-01-08 17:00:00,Savings,2.043349338650352,364
187,Holder_187,64092.913497264366,2025-01-08 18:00:00,Investment,1.122105045353257,179
188,Holder_188,7998.964210252252,2025-01-08 19:00:00,Checking,2.4775941846129896,238
189,Holder_189,36792.4785885327,2025-01-08 20:00:00,Savings,2.7334524707797048,135
190,Holder_190,53945.14716183805,2025-01-08 21:00:00,Investment,2.31641012522065,365
191,Holder_191,99626.22481141923,2025-01-08 22:00:00,Checking,3.553970422221037,390
192,Holder_192,47978.82269962163,2025-01-08 23:00:00,Savings,2.3940343794165173,280
193,Holder_193,81789.61895431804,2025-01-09 00:00:00,Checking,4.82637910030958,19
194,Holder_194,43774.66122159515,2025-01-09 01:00:00,Savings,3.1967488302061633,83
195,Holder_195,79842.68153935118,2025-01-09 02:00:00,Checking,4.1336507104335904,228
196,Holder_196,59946.065360390734,2025-01-09 03:00:00,Checking,0.9921015639926548,371
197,Holder_197,88772.94870873743,2025-01-09 04:00:00,Savings,2.2878108182565757,265
198,Holder_198,41683.31268266088,2025-01-09 05:00:00,Investment,2.015814656512187,112
199,Holder_199,60826.13756232641,2025-01-09 06:00:00,Checking,3.062670746614663,251
200,Holder_200,63371.84938126391,2025-01-09 07:00:00,Savings,4.375010840276415,164
201,Holder_201,42320.91123824686,2025-01-09 08:00:00,Checking,0.85252197992903,358
202,Holder_202,15286.89232506067,2025-01-09 09:00:00,Checking,0.8265865912011985,168
203,Holder_203,10262.38128432122,2025-01-09 10:00:00,Investment,4.326429686709195,221
204,Holder_204,2650.4835093636766,2025-01-09 11:00:00,Checking,1.4578253871726083,408
205,Holder_205,87479.89216027624,2025-01-09 12:00:00,Checking,3.5093896450241617,304
206,Holder_206,24411.01631163076,2025-01-09 13:00:00,Savings,2.942951595623623,191
207,Holder_207,21939.168178895037,2025-01-09 14:00:00,Savings,4.248021176992532,325
208,Holder_208,73867.50464218049,2025-01-09 15:00:00,Investment,1.0629000942638158,437
209,Holder_209,32681.595195651782,2025-01-09 16:00:00,Checking,1.0840233457517507,438
210,Holder_210,51098.42454877182,2025-01-09 17:00:00,Checking,3.005682621252384,170
211,Holder_211,17088.595464448175,2025-01-09 18:00:00,Checking,4.758703940112669,375
212,Holder_212,96014.82642473496,2025-01-09 19:00:00,Investment,2.367489912668394,45
213,Holder_213,85306.55860170649,2025-01-09 20:00:00,Checking,1.9712394511461273,381
214,Holder_214,86515.17267353533,2025-01-09 21:00:00,Savings,3.230101954390486,474
215,Holder_215,41270.601108628514,2025-01-09 22:00:00,Investment,4.68701870245264,14
216,Holder_216,76473.76015701011,2025-01-09 23:00:00,Savings,4.266175247800806,231
217,Holder_217,15243.739383588236,2025-01-10 00:00:00,Savings,4.97967624829949,157
218,Holder_218,1853.2812565862475,2025-01-10 01:00:00,Investment,0.601558624410697,134
219,Holder_219,2977.320325224784,2025-01-10 02:00:00,Savings,1.00786165120743,391
220,Holder_220,59073.572003051486,2025-01-10 03:00:00,Checking,3.242604935149799,37
221,Holder_221,46084.09561954614,2025-01-10 04:00:00,Investment,4.192593977002324,53
222,Holder_222,52283.51954194345,2025-01-10 05:00:00,Savings,1.7835995403804494,18
223,Holder_223,1738.850901304721,2025-01-10 06:00:00,Checking,1.5764498961539843,471
224,Holder_224,42845.97534608514,2025-01-10 07:00:00,Checking,4.041391097215405,492
225,Holder_225,72088.74795888521,2025-01-10 08:00:00,Savings,0.7537183423395422,38
226,Holder_226,44826.67649477615,2025-01-10 09:00:00,Checking,2.1622219141216332,187
227,Holder_227,73489.70142491,2025-01-10 10:00:00,Investment,2.776141501665484,385
228,Holder_228,24068.877475286645,2025-01-10 11:00:00,Savings,3.0215690345764554,196
229,Holder_229,81501.05844369082,2025-01-10 12:00:00,Checking,3.778768205567496,243
230,Holder_230,59254.692804891776,2025-01-10 13:00:00,Checking,2.0968057554379618,300
231,Holder_231,21865.546843560718,2025-01-10 14:00:00,Savings,3.257079551035732,303
232,Holder_232,24435.327109529462,2025-01-10 15:00:00,Savings,3.1341894025593033,35
233,Holder_233,63175.015992384164,2025-01-10 16:00:00,Savings,2.964272452941862,215
234,Holder_234,83164.0197280319,2025-01-10 17:00:00,Savings,3.382174819139955,219
235,Holder_235,42147.15042088636,2025-01-10 18:00:00,Investment,1.6675212698063433,316
236,Holder_236,26571.742483631628,2025-01-10 19:00:00,Savings,0.8809193911308304,90
237,Holder_237,86834.14908414944,2025-01-10 20:00:00,Investment,1.0367225241788454,308
238,Holder_238,67257.56088333266,2025-01-10 21:00:00,Investment,1.510620721942555,252
239,Holder_239,45360.463241024576,2025-01-10 22:00:00,Savings,2.7508907098525337,8
240,Holder_240,49302.11933265088,2025-01-10 23:00:00,Investment,4.28199237745709,256
241,Holder_241,21221.390325703243,2025-01-11 00:00:00,Savings,3.6558200393977285,363
242,Holder_242,63053.46037641955,2025-01-11 01:00:00,Savings,4.050682718909212,208
243,Holder_243,36515.50854374598,2025-01-11 02:00:00,Checking,2.079390307667411,425
244,Holder_244,99568.87249076058,2025-01-11 03:00:00,Savings,2.320941837418476,131
245,Holder_245,48538.1680109269,2025-01-11 04:00:00,Checking,2.271568486957758,224
246,Holder_246,49102.6750127717,2025-01-11 05:00:00,Investment,1.3634293298202569,197
247,Holder_247,57019.32695365651,2025-01-11 06:00:00,Checking,0.7754749616460741,468
248,Holder_248,91758.84430875593,2025-01-11 07:00:00,Investment,3.1591224177225206,142
249,Holder_249,80280.99188611528,2025-01-11 08:00:00,Savings,4.951475075392637,252
250,Holder_250,45661.8769099863,2025-01-11 09:00:00,Investment,1.2507336722761828,96
251,Holder_251,72151.2273313068,2025-01-11 10:00:00,Investment,0.7100816895467319,26
252,Holder_252,59037.3143792954,2025-01-11 11:00:00,Savings,4.007892568207698,111
253,Holder_253,49744.33782142364,2025-01-11 12:00:00,Investment,1.636637030081259,454
254,Holder_254,20039.261505650702,2025-01-11 13:00:00,Savings,4.233397124088178,123
255,Holder_255,46929.6900820342,2025-01-11 14:00:00,Checking,3.6677150016553193,186
256,Holder_256,25336.04011523489,2025-01-11 15:00:00,Savings,4.75553091672862,484
257,Holder_257,91569.37283531381,2025-01-11 16:00:00,Savings,2.340172560905024,168
258,Holder_258,34205.27453613835,2025-01-11 17:00:00,Investment,3.4788642775278538,51
259,Holder_259,95274.13743880385,2025-01-11 18:00:00,Checking,2.591846513659718,379
260,Holder_260,53772.47371937641,2025-01-11 19:00:00,Savings,3.337649137888446,5
261,Holder_261,63522.89348893987,2025-01-11 20:00:00,Checking,2.523195077034818,77
262,Holder_262,54751.10400444345,2025-01-11 21:00:00,Checking,1.3488451089083369,160
263,Holder_263,13808.681079703389,2025-01-11 22:00:00,Investment,2.785538372015214,208
264,Holder_264,38206.30068178615,2025-01-11 23:00:00,Savings,2.8786289064684905,257
265,Holder_265,10815.465115484769,2025-01-12 00:00:00,Investment,4.147717317170725,205
266,Holder_266,62672.45037415479,2025-01-12 01:00:00,Savings,3.8098431760711153,255
267,Holder_267,45240.54532484345,2025-01-12 02:00:00,Checking,3.4870623077364984,438
268,Holder_268,78020.51218552275,2025-01-12 03:00:00,Savings,1.0102419299865764,11
269,Holder_269,22826.577618937612,2025-01-12 04:00:00,Savings,3.7427733079867176,437
270,Holder_270,17292.03978450416,2025-01-12 05:00:00,Checking,2.7513732035953167,8
271,Holder_271,41226.890865413014,2025-01-12 06:00:00,Checking,4.5234479124777165,409
272,Holder_272,92731.95293861974,2025-01-12 07:00:00,Savings,4.639419203587442,424
273,Holder_273,71331.75968622876,2025-01-12 08:00:00,Investment,0.7482046577080346,32
274,Holder_274,42473.43885449895,2025-01-12 09:00:00,Savings,4.192887021595155,472
275,Holder_275,52209.94480567674,2025-01-12 10:00:00,Checking,0.6696382569020178,28
276,Holder_276,9337.088106532736,2025-01-12 11:00:00,Investment,2.152263315627602,206
277,Holder_277,98473.01374123519,2025-01-12 12:00:00,Checking,2.940349890294856,493
278,Holder_278,66974.32316479698,2025-01-12 13:00:00,Checking,1.1664535938220735,387
279,Holder_279,29255.002777878824,2025-01-12 14:00:00,Investment,3.8584121565608456,228
280,Holder_280,58995.03102730919,2025-01-12 15:00:00,Checking,0.5375961687746236,128
281,Holder_281,11838.754240830403,2025-01-12 16:00:00,Checking,1.2586957179531657,255
282,Holder_282,96617.83021195077,2025-01-12 17:00:00,Checking,3.113585734340641,475
283,Holder_283,18303.713800453228,2025-01-12 18:00:00,Checking,3.7147440291678158,212
284,Holder_284,65155.0014874662,2025-01-12 19:00:00,Checking,4.624893962122623,239
285,Holder_285,25299.991791354114,2025-01-12 20:00:00,Checking,3.6747349337058073,207
286,Holder_286,72038.57688220504,2025-01-12 21:00:00,Checking,3.523006716146897,318
287,Holder_287,77905.31535678782,2025-01-12 22:00:00,Checking,2.274535158577989,283
288,Holder_288,67668.55316223184,2025-01-12 23:00:00,Checking,0.5057799148706064,245
289,Holder_289,61835.44656526406,2025-01-13 00:00:00,Savings,1.0407166643102987,45
290,Holder_290,89354.44030124915,2025-01-13 01:00:00,Savings,2.9054954514021762,105
291,Holder_291,8784.044387986047,2025-01-13 02:00:00,Checking,3.538084486299889,348
292,Holder_292,33760.56181223932,2025-01-13 03:00:00,Savings,2.3785172775340815,281
293,Holder_293,25580.46048345375,2025-01-13 04:00:00,Investment,3.788055551877756,234
294,Holder_294,98813.38224447674,2025-01-13 05:00:00,Savings,2.8483803289948044,189
295,Holder_295,39549.588187020476,2025-01-13 06:00:00,Checking,0.833792880174405,44
296,Holder_296,73528.65722479948,2025-01-13 07:00:00,Checking,1.3640731293557697,494
297,Holder_297,68787.79122421946,2025-01-13 08:00:00,Savings,4.279992004597743,225
298,Holder_298,21996.042510260395,2025-01-13 09:00:00,Checking,3.7621073598099777,430
299,Holder_299,24660.77034094358,2025-01-13 10:00:00,Investment,4.526428941556228,142
300,Holder_300,28847.171791750377,2025-01-13 11:00:00,Investment,1.0290076210442145,136
301,Holder_301,41701.60054767854,2025-01-13 12:00:00,Checking,4.956001405767832,176
302,Holder_302,24198.18149940215,2025-01-13 13:00:00,Investment,1.442330212774701,142
303,Holder_303,2945.4967919379324,2025-01-13 14:00:00,Investment,0.5530094432898891,449
304,Holder_304,88059.91262391236,2025-01-13 15:00:00,Savings,4.988403225740994,80
305,Holder_305,96595.37330670752,2025-01-13 16:00:00,Investment,1.764832484503009,82
306,Holder_306,34815.468316125225,2025-01-13 17:00:00,Savings,3.5060875363065196,135
307,Holder_307,34512.18106312181,2025-01-13 18:00:00,Checking,1.2950704137933733,207
308,Holder_308,1702.0894646627276,2025-01-13 19:00:00,Savings,3.1110283948961377,344
309,Holder_309,68344.81814470704,2025-01-13 20:00:00,Checking,4.568157439045517,177
310,Holder_310,82718.54967911425,2025-01-13 21:00:00,Checking,1.9408152534279737,383
311,Holder_311,15514.221735640313,2025-01-13 22:00:00,Checking,3.5161428921996163,243
312,Holder_312,16806.968587347925,2025-01-13 23:00:00,Checking,1.3455661495928743,55
313,Holder_313,79218.24174717233,2025-01-14 00:00:00,Checking,3.3115792942342637,141
314,Holder_314,62012.78408706032,2025-01-14 01:00:00,Savings,2.014026583178796,457
315,Holder_315,5441.195205143984,2025-01-14 02:00:00,Checking,1.4504371636457825,440
316,Holder_316,62632.15205576589,2025-01-14 03:00:00,Investment,1.9093192281663582,56
317,Holder_317,31582.85456153284,2025-01-14 04:00:00,Investment,1.304784808285097,15
318,Holder_318,37503.79039161375,2025-01-14 05:00:00,Checking,4.558622485270472,185
319,Holder_319,77203.41041139115,2025-01-14 06:00:00,Investment,2.2873409884270797,314
320,Holder_320,81282.58407458845,2025-01-14 07:00:00,Savings,1.6037568723846531,419
321,Holder_321,40635.306057143236,2025-01-14 08:00:00,Savings,2.517835284571698,88
322,Holder_322,94768.14066462911,2025-01-14 09:00:00,Checking,1.94241275062923,97
323,Holder_323,41239.80907725515,2025-01-14 10:00:00,Checking,3.8498866421599667,144
324,Holder_324,77411.76748778087,2025-01-14 11:00:00,Checking,4.8704896034847245,8
325,Holder_325,48903.84919186165,2025-01-14 12:00:00,Investment,2.4711514551394105,477
326,Holder_326,89855.70032568632,2025-01-14 13:00:00,Investment,4.374650299875082,215
327,Holder_327,90868.36312136769,2025-01-14 14:00:00,Savings,3.0463838310182876,173
328,Holder_328,9654.263979237301,2025-01-14 15:00:00,Investment,1.2075604929240507,223
329,Holder_329,93712.83979971234,2025-01-14 16:00:00,Savings,3.607802339366037,40
330,Holder_330,82727.94931052116,2025-01-14 17:00:00,Investment,2.8104552370661904,497
331,Holder_331,79339.76071695401,2025-01-14 18:00:00,Savings,3.4277293546344656,182
332,Holder_332,20890.222628866723,2025-01-14 19:00:00,Checking,4.503593356572492,270
333,Holder_333,80706.80166671182,2025-01-14 20:00:00,Investment,2.481955567952207,187
334,Holder_334,85163.14073381864,2025-01-14 21:00:00,Savings,4.5552993044781,245
335,Holder_335,29625.883110960945,2025-01-14 22:00:00,Investment,3.878010564267447,478
336,Holder_336,95273.74775787005,2025-01-14 23:00:00,Checking,2.6987221664509313,309
337,Holder_337,5936.154493517261,2025-01-15 00:00:00,Savings,3.2144996104608365,231
338,Holder_338,15841.016071466827,2025-01-15 01:00:00,Investment,1.9651150963355515,383
339,Holder_339,54220.53266709991,2025-01-15 02:00:00,Investment,4.926187848824484,155
340,Holder_340,58003.454641108656,2025-01-15 03:00:00,Checking,3.503080233726782,175
341,Holder_341,64869.85824678944,2025-01-15 04:00:00,Checking,0.6973108362348346,336
342,Holder_342,2679.9438022311792,2025-01-15 05:00:00,Savings,1.9697985758660395,115
343,Holder_343,96076.3106875909,2025-01-15 06:00:00,Investment,3.304914951915759,390
344,Holder_344,5414.221180680255,2025-01-15 07:00:00,Investment,0.7534997500965791,311
345,Holder_345,15163.133319616836,2025-01-15 08:00:00,Checking,0.6074788609361425,481
346,Holder_346,2387.437235079641,2025-01-15 09:00:00,Checking,2.5251090778751117,300
347,Holder_347,57118.98489611538,2025-01-15 10:00:00,Savings,1.997105808617015,18
348,Holder_348,93294.42150817625,2025-01-15 11:00:00,Investment,2.4723437361492464,272
349,Holder_349,66928.76944196595,2025-01-15 12:00:00,Investment,1.6821198944600233,12
350,Holder_350,82443.0893795623,2025-01-15 13:00:00,Savings,1.241229861243414,404
351,Holder_351,2314.839142399428,2025-01-15 14:00:00,Savings,3.6011451064115194,301
352,Holder_352,54659.51454949288,2025-01-15 15:00:00,Checking,2.8155700232051024,192
353,Holder_353,46496.734773046664,2025-01-15 16:00:00,Checking,1.4006939506221507,232
354,Holder_354,50397.826477858514,2025-01-15 17:00:00,Savings,1.9381524181699925,443
355,Holder_355,8149.105348183607,2025-01-15 18:00:00,Savings,3.1631355844849667,93
356,Holder_356,68759.10074586143,2025-01-15 19:00:00,Investment,0.8250320672261503,478
357,Holder_357,50818.82107100481,2025-01-15 20:00:00,Savings,1.163538541697808,218
358,Holder_358,76749.73613626513,2025-01-15 21:00:00,Savings,0.8296052184832555,278
359,Holder_359,49043.77277210982,2025-01-15 22:00:00,Investment,4.155427997213534,353
360,Holder_360,15788.781986416776,2025-01-15 23:00:00,Savings,3.8858415494540415,487
361,Holder_361,65177.43845370438,2025-01-16 00:00:00,Checking,3.889908193456657,303
362,Holder_362,18066.249848411455,2025-01-16 01:00:00,Checking,3.7234640456421264,29
363,Holder_363,87367.06177212668,2025-01-16 02:00:00,Investment,3.5122344065144113,470
364,Holder_364,61698.50766785491,2025-01-16 03:00:00,Savings,2.6464636192017874,301
365,Holder_365,16563.18447213847,2025-01-16 04:00:00,Checking,3.390251735782017,77
366,Holder_366,96271.46769063947,2025-01-16 05:00:00,Checking,0.672626996545886,9
367,Holder_367,52318.180870196746,2025-01-16 06:00:00,Checking,3.2965899019555307,24
368,Holder_368,8216.946735293845,2025-01-16 07:00:00,Checking,4.000449674915947,15
369,Holder_369,63056.45753709166,2025-01-16 08:00:00,Savings,2.751612621729756,164
370,Holder_370,26066.691794268212,2025-01-16 09:00:00,Savings,2.108809977922566,13
371,Holder_371,80565.65173585294,2025-01-16 10:00:00,Savings,1.7484203066044062,347
372,Holder_372,81964.38528305288,2025-01-16 11:00:00,Savings,3.392609225729371,172
373,Holder_373,97915.78822961153,2025-01-16 12:00:00,Checking,3.617605393834589,357
374,Holder_374,50685.083571425865,2025-01-16 13:00:00,Investment,4.419354199381441,327
375,Holder_375,46040.73109304598,2025-01-16 14:00:00,Investment,2.0405033710744584,200
376,Holder_376,75594.08493920158,2025-01-16 15:00:00,Checking,3.9639753832351348,485
377,Holder_377,14114.59497785073,2025-01-16 16:00:00,Checking,3.0261012088520207,489
378,Holder_378,55144.635865519296,2025-01-16 17:00:00,Investment,4.472764208051355,462
379,Holder_379,55078.512412954246,2025-01-16 18:00:00,Investment,2.875154487330293,378
380,Holder_380,9857.839158228335,2025-01-16 19:00:00,Checking,2.8293342277908526,76
381,Holder_381,42380.42446518444,2025-01-16 20:00:00,Checking,3.100446866484091,164
382,Holder_382,85475.195058153,2025-01-16 21:00:00,Savings,3.871919098140955,372
383,Holder_383,85759.20857747136,2025-01-16 22:00:00,Savings,4.841107154728074,61
384,Holder_384,10824.52882704842,2025-01-16 23:00:00,Investment,0.8310350939709454,488
385,Holder_385,9981.367392035254,2025-01-17 00:00:00,Checking,0.7404557107595773,465
386,Holder_386,27006.852223191596,2025-01-17 01:00:00,Investment,4.718976518333023,424
387,Holder_387,87601.84019284535,2025-01-17 02:00:00,Savings,2.8844403148319273,245
388,Holder_388,13761.355922276396,2025-01-17 03:00:00,Savings,3.2670635655512124,477
389,Holder_389,72279.68346011717,2025-01-17 04:00:00,Investment,2.6709062071762797,382
390,Holder_390,11015.396341697218,2025-01-17 05:00:00,Savings,0.9214585367336352,155
391,Holder_391,62690.64752103471,2025-01-17 06:00:00,Checking,3.9564022028839996,257
392,Holder_392,36250.662612795335,2025-01-17 07:00:00,Investment,3.862510902898641,244
393,Holder_393,79102.48233362084,2025-01-17 08:00:00,Checking,1.902664946717654,162
394,Holder_394,24135.354433710996,2025-01-17 09:00:00,Checking,1.8780766035278018,68
395,Holder_395,64280.98110960602,2025-01-17 10:00:00,Savings,4.270286214074833,344
396,Holder_396,24332.57092301261,2025-01-17 11:00:00,Checking,0.8256076598359698,277
397,Holder_397,71652.36802810323,2025-01-17 12:00:00,Investment,4.464973167604546,161
398,Holder_398,87494.12542151412,2025-01-17 13:00:00,Checking,1.654977604531615,391
399,Holder_399,13553.378113549245,2025-01-17 14:00:00,Checking,3.168431364899723,449
400,Holder_400,86792.97317095485,2025-01-17 15:00:00,Checking,4.711973805507999,489
401,Holder_401,59763.95018701549,2025-01-17 16:00:00,Checking,3.551551256914909,259
402,Holder_402,13583.938595835374,2025-01-17 17:00:00,Checking,2.364934156101665,492
403,Holder_403,43326.64368061149,2025-01-17 18:00:00,Savings,3.602903940074368,307
404,Holder_404,16925.169055024693,2025-01-17 19:00:00,Investment,2.047908363423666,335
405,Holder_405,70334.44099779039,2025-01-17 20:00:00,Savings,1.7476628735713375,95
406,Holder_406,76127.94530737701,2025-01-17 21:00:00,Investment,4.985074750706058,438
407,Holder_407,11473.855507007096,2025-01-17 22:00:00,Investment,3.8785560403090447,464
408,Holder_408,51107.84541676979,2025-01-17 23:00:00,Investment,3.4012398982181793,458
409,Holder_409,81647.8805465658,2025-01-18 00:00:00,Investment,2.0988033944869344,246
410,Holder_410,93680.14111354866,2025-01-18 01:00:00,Investment,0.7212237311977168,221
411,Holder_411,51838.26880743523,2025-01-18 02:00:00,Checking,0.6397559421582002,123
412,Holder_412,95077.6431375293,2025-01-18 03:00:00,Savings,2.9938156495195947,187
413,Holder_413,54033.208075146955,2025-01-18 04:00:00,Savings,3.92914724467573,262
414,Holder_414,40024.858965390886,2025-01-18 05:00:00,Checking,2.9182063569973478,413
415,Holder_415,84972.10972673666,2025-01-18 06:00:00,Investment,4.2835328237260155,273
416,Holder_416,49805.288335350815,2025-01-18 07:00:00,Savings,0.6504193989194973,373
417,Holder_417,47718.348545887784,2025-01-18 08:00:00,Checking,2.1503843439167305,60
418,Holder_418,49540.936451573005,2025-01-18 09:00:00,Checking,1.5668167602838012,406
419,Holder_419,84831.7151851048,2025-01-18 10:00:00,Savings,2.5127283567070493,408
420,Holder_420,83362.21262711716,2025-01-18 11:00:00,Savings,0.8256937693735511,125
421,Holder_421,40948.47925158091,2025-01-18 12:00:00,Investment,4.793592387069826,337
422,Holder_422,33996.68612718198,2025-01-18 13:00:00,Investment,1.504649304812124,341
423,Holder_423,49700.8743798738,2025-01-18 14:00:00,Savings,4.650384989676131,51
424,Holder_424,57704.47846397379,2025-01-18 15:00:00,Investment,2.416519197665068,178
425,Holder_425,24595.383852171697,2025-01-18 16:00:00,Checking,4.934858599648481,139
426,Holder_426,79601.55338684347,2025-01-18 17:00:00,Investment,2.9932627255709483,440
427,Holder_427,49161.793807509865,2025-01-18 18:00:00,Investment,4.688747888791133,327
428,Holder_428,34070.509293576,2025-01-18 19:00:00,Checking,0.5240704491240028,170
429,Holder_429,11575.27830343507,2025-01-18 20:00:00,Investment,3.8670746278140506,39
430,Holder_430,24645.670879957084,2025-01-18 21:00:00,Checking,4.5637279389613195,69
431,Holder_431,94978.83600384239,2025-01-18 22:00:00,Investment,1.1287425514052933,236
432,Holder_432,31204.868995133133,2025-01-18 23:00:00,Savings,0.9325663327946817,48
433,Holder_433,17717.069647336495,2025-01-19 00:00:00,Investment,2.4105767323368,381
434,Holder_434,46606.606373844326,2025-01-19 01:00:00,Savings,4.701555077598208,57
435,Holder_435,31401.68659266462,2025-01-19 02:00:00,Savings,2.940739520856974,277
436,Holder_436,4480.765776848221,2025-01-19 03:00:00,Savings,2.8735540867477947,338
437,Holder_437,32991.3765106623,2025-01-19 04:00:00,Savings,1.1350675323469483,99
438,Holder_438,54866.75377000739,2025-01-19 05:00:00,Savings,0.5035527999194845,404
439,Holder_439,55619.524829976726,2025-01-19 06:00:00,Checking,4.145630408354576,15
440,Holder_440,36299.33319651198,2025-01-19 07:00:00,Checking,0.894085533438072,325
441,Holder_441,45282.97286900746,2025-01-19 08:00:00,Checking,3.3523241843089577,461
442,Holder_442,96586.27390524188,2025-01-19 09:00:00,Savings,4.6157740453183616,179
443,Holder_443,38357.49924580085,2025-01-19 10:00:00,Investment,1.4389336092129397,332
444,Holder_444,26564.454512738313,2025-01-19 11:00:00,Checking,3.4937277630660986,62
445,Holder_445,25103.237362609252,2025-01-19 12:00:00,Investment,0.8541435951837926,119
446,Holder_446,46318.69665770928,2025-01-19 13:00:00,Investment,3.2168981472692586,469
447,Holder_447,76192.49472297746,2025-01-19 14:00:00,Savings,1.2376927442894123,37
448,Holder_448,21392.830234658846,2025-01-19 15:00:00,Savings,3.811791022318301,134
449,Holder_449,71220.31658693604,2025-01-19 16:00:00,Savings,1.8555408265725868,455
450,Holder_450,3093.832511592212,2025-01-19 17:00:00,Checking,2.585259539620908,26
451,Holder_451,42474.36482041066,2025-01-19 18:00:00,Savings,3.1974374391242977,490
452,Holder_452,77810.6414550759,2025-01-19 19:00:00,Checking,1.270730347998078,496
453,Holder_453,34534.56262166871,2025-01-19 20:00:00,Checking,3.837370183779294,8
454,Holder_454,56809.97304309455,2025-01-19 21:00:00,Checking,1.8618815328656655,457
455,Holder_455,21292.94404976517,2025-01-19 22:00:00,Checking,3.480673369607391,475
456,Holder_456,74457.54372149106,2025-01-19 23:00:00,Savings,1.2122737281471814,4
457,Holder_457,6175.631223607203,2025-01-20 00:00:00,Checking,3.596529466428576,21
458,Holder_458,85401.72184267454,2025-01-20 01:00:00,Savings,1.0768463276470779,415
459,Holder_459,20621.442255745147,2025-01-20 02:00:00,Savings,2.4141042332149265,149
460,Holder_460,87565.40513912475,2025-01-20 03:00:00,Checking,1.6124273318249456,488
461,Holder_461,35900.394888751216,2025-01-20 04:00:00,Savings,3.8676886224268214,25
462,Holder_462,72545.67387297418,2025-01-20 05:00:00,Investment,1.6791575202809355,487
463,Holder_463,32603.30448083266,2025-01-20 06:00:00,Savings,4.467727878779283,143
464,Holder_464,90685.2554522301,2025-01-20 07:00:00,Savings,4.513190951329758,245
465,Holder_465,13537.075426319061,2025-01-20 08:00:00,Checking,1.3839859185025363,419
466,Holder_466,18673.459137987273,2025-01-20 09:00:00,Checking,3.262306752534759,433
467,Holder_467,49809.98239072142,2025-01-20 10:00:00,Savings,0.8947293877398395,43
468,Holder_468,9111.905464776468,2025-01-20 11:00:00,Checking,2.2619169482073316,425
469,Holder_469,20402.03828547443,2025-01-20 12:00:00,Investment,3.7099477827557252,293
470,Holder_470,94432.87183898942,2025-01-20 13:00:00,Investment,3.467404610824623,185
471,Holder_471,97672.47645364083,2025-01-20 14:00:00,Checking,3.311153012329736,42
472,Holder_472,38249.67360371177,2025-01-20 15:00:00,Savings,1.7714338864809962,431
473,Holder_473,92405.31608037963,2025-01-20 16:00:00,Investment,2.201112272454809,92
474,Holder_474,54937.64289166974,2025-01-20 17:00:00,Investment,0.9632576511512878,317
475,Holder_475,27704.504121502938,2025-01-20 18:00:00,Savings,3.7356026919512044,398
476,Holder_476,70537.47338697927,2025-01-20 19:00:00,Checking,2.767499585560731,324
477,Holder_477,66231.27885091087,2025-01-20 20:00:00,Investment,3.6894453455554457,53
478,Holder_478,98923.40659176461,2025-01-20 21:00:00,Savings,1.6202458615859274,84
479,Holder_479,27239.681453519046,2025-01-20 22:00:00,Savings,1.959972028857798,34
480,Holder_480,67533.89076351181,2025-01-20 23:00:00,Investment,2.003969017670516,76
481,Holder_481,6150.351747915242,2025-01-21 00:00:00,Checking,0.615840843862473,353
482,Holder_482,12250.957830975221,2025-01-21 01:00:00,Investment,2.034715427737806,408
483,Holder_483,1387.919120158233,2025-01-21 02:00:00,Savings,4.114870580831151,404
484,Holder_484,99946.60742490763,2025-01-21 03:00:00,Investment,4.537843230873824,197
485,Holder_485,80425.0960176003,2025-01-21 04:00:00,Checking,2.8319824203616735,486
486,Holder_486,78885.57845862054,2025-01-21 05:00:00,Savings,2.549757628486491,286
487,Holder_487,51462.88145352979,2025-01-21 06:00:00,Checking,0.6387107841471662,88
488,Holder_488,30706.641207638553,2025-01-21 07:00:00,Investment,4.456419519134222,235
489,Holder_489,15975.164161804916,2025-01-21 08:00:00,Investment,0.5585459604164272,232
490,Holder_490,29182.7991457999,2025-01-21 09:00:00,Checking,4.7513753609459535,7
491,Holder_491,38221.150970984774,2025-01-21 10:00:00,Investment,2.701473119096408,292
492,Holder_492,75874.69960104911,2025-01-21 11:00:00,Checking,2.0387052210862695,38
493,Holder_493,54426.517101412086,2025-01-21 12:00:00,Investment,4.65898295679197,464
494,Holder_494,8670.879028992786,2025-01-21 13:00:00,Checking,0.6097594689954353,52
495,Holder_495,2784.871886932312,2025-01-21 14:00:00,Checking,3.116412026910892,143
496,Holder_496,11130.885773872253,2025-01-21 15:00:00,Savings,2.9701963602470194,430
497,Holder_497,41639.372656040556,2025-01-21 16:00:00,Savings,1.4869418054512193,407
498,Holder_498,93386.09878785281,2025-01-21 17:00:00,Checking,2.429993441075948,396
499,Holder_499,64102.84563971294,2025-01-21 18:00:00,Investment,3.435188026746966,221
500,Holder_500,80380.764087676,2025-01-21 19:00:00,Investment,3.772090385968674,428
501,Holder_501,47171.08485595031,2025-01-21 20:00:00,Investment,0.503225864179609,240
502,Holder_502,36804.94223630924,2025-01-21 21:00:00,Checking,4.715840435409569,143
503,Holder_503,11731.63689894565,2025-01-21 22:00:00,Checking,1.2403641757676558,349
504,Holder_504,87717.36919643429,2025-01-21 23:00:00,Checking,1.5511119540006164,493
505,Holder_505,78532.84287376238,2025-01-22 00:00:00,Checking,1.685630505622317,363
506,Holder_506,17643.691662174788,2025-01-22 01:00:00,Savings,0.670190614484159,382
507,Holder_507,51713.79582374979,2025-01-22 02:00:00,Checking,1.0537345561564622,49
508,Holder_508,49250.10598420324,2025-01-22 03:00:00,Investment,4.938574653248729,277
509,Holder_509,62884.06371596633,2025-01-22 04:00:00,Savings,1.9184753181977872,271
510,Holder_510,94672.50250513486,2025-01-22 05:00:00,Investment,1.018854906525722,14
511,Holder_511,58397.372734485485,2025-01-22 06:00:00,Checking,0.9814606752858049,298
512,Holder_512,54481.50941108324,2025-01-22 07:00:00,Savings,3.7375698545148737,492
513,Holder_513,5981.970360531731,2025-01-22 08:00:00,Checking,4.345558988146884,464
514,Holder_514,7227.84012578437,2025-01-22 09:00:00,Savings,1.6562853477881143,15
515,Holder_515,19547.3323413521,2025-01-22 10:00:00,Investment,0.5940928055085574,234
516,Holder_516,4214.6063974830795,2025-01-22 11:00:00,Checking,1.5039050830041012,63
517,Holder_517,74591.93666143123,2025-01-22 12:00:00,Checking,0.754320608585408,196
518,Holder_518,72609.70009540235,2025-01-22 13:00:00,Savings,0.9652772148351868,27
519,Holder_519,14469.567208732651,2025-01-22 14:00:00,Savings,2.441786539314391,471
520,Holder_520,83771.81117873281,2025-01-22 15:00:00,Checking,1.5346326688773466,93
521,Holder_521,16323.817449765085,2025-01-22 16:00:00,Savings,2.8217564533644053,105
522,Holder_522,30816.38311273852,2025-01-22 17:00:00,Checking,1.6407218896573568,309
523,Holder_523,25648.713016975136,2025-01-22 18:00:00,Savings,4.7324178549632645,52
524,Holder_524,37858.40275873173,2025-01-22 19:00:00,Investment,4.576747855668191,319
525,Holder_525,26211.712823106223,2025-01-22 20:00:00,Savings,3.050627472547097,457
526,Holder_526,49406.141717406754,2025-01-22 21:00:00,Investment,2.0949079639432377,181
527,Holder_527,41333.38025411386,2025-01-22 22:00:00,Savings,2.21516096915631,57
528,Holder_528,98670.37958715332,2025-01-22 23:00:00,Savings,2.3533352741502362,120
529,Holder_529,6536.708662694341,2025-01-23 00:00:00,Checking,3.774106949607248,308
530,Holder_530,15075.95626234781,2025-01-23 01:00:00,Savings,2.5323754798347706,363
531,Holder_531,6229.763496951646,2025-01-23 02:00:00,Savings,4.355284759276538,43
532,Holder_532,62958.2783032552,2025-01-23 03:00:00,Investment,4.74842653668664,135
533,Holder_533,6396.418463958238,2025-01-23 04:00:00,Savings,2.0117576902052026,373
534,Holder_534,83807.5340002362,2025-01-23 05:00:00,Checking,3.0231251661905607,426
535,Holder_535,51681.924437510854,2025-01-23 06:00:00,Investment,0.9277544157465399,260
536,Holder_536,53173.75483357184,2025-01-23 07:00:00,Checking,1.4021107149486154,197
537,Holder_537,56597.85626350723,2025-01-23 08:00:00,Checking,2.3605959501957203,133
538,Holder_538,17910.556924314864,2025-01-23 09:00:00,Checking,1.427912221558005,459
539,Holder_539,20571.340008334268,2025-01-23 10:00:00,Checking,4.444522208549229,255
540,Holder_540,32562.914964427462,2025-01-23 11:00:00,Investment,1.2122881522659412,489
541,Holder_541,59756.14516636329,2025-01-23 12:00:00,Savings,2.550473696988914,220
542,Holder_542,21801.659818081236,2025-01-23 13:00:00,Checking,3.2256465820694404,336
543,Holder_543,12516.840986192861,2025-01-23 14:00:00,Investment,3.6133875867237997,41
544,Holder_544,97041.57175542478,2025-01-23 15:00:00,Checking,2.2238121637692805,478
545,Holder_545,3176.199666152668,2025-01-23 16:00:00,Savings,4.410945809261278,388
546,Holder_546,80467.04312826614,2025-01-23 17:00:00,Investment,3.057436179850665,255
547,Holder_547,79015.47980792719,2025-01-23 18:00:00,Investment,2.477785012013983,2
548,Holder_548,30424.197270664503,2025-01-23 19:00:00,Savings,0.8025828532341648,494
549,Holder_549,14427.034984724027,2025-01-23 20:00:00,Investment,2.5911026080032427,195
550,Holder_550,15417.236023836918,2025-01-23 21:00:00,Savings,4.193311283670786,242
551,Holder_551,70045.73010648205,2025-01-23 22:00:00,Investment,3.2654345819959194,149
552,Holder_552,64637.852517531195,2025-01-23 23:00:00,Investment,4.244731041781033,198
553,Holder_553,78491.82175088729,2025-01-24 00:00:00,Savings,2.723052517696875,299
554,Holder_554,93810.63606751137,2025-01-24 01:00:00,Savings,1.0330776729251683,245
555,Holder_555,69500.80896339261,2025-01-24 02:00:00,Investment,0.5613793062614648,338
556,Holder_556,16429.302118592903,2025-01-24 03:00:00,Investment,1.8644879602336604,108
557,Holder_557,25100.81905977566,2025-01-24 04:00:00,Savings,3.6409571217400662,453
558,Holder_558,84377.17935643834,2025-01-24 05:00:00,Savings,4.056169567737622,393
559,Holder_559,21721.30150758665,2025-01-24 06:00:00,Investment,1.8308877557914824,212
560,Holder_560,8179.70937849366,2025-01-24 07:00:00,Investment,2.730442643974612,156
561,Holder_561,70624.7253501828,2025-01-24 08:00:00,Investment,2.3950350699533676,26
562,Holder_562,40850.10919352406,2025-01-24 09:00:00,Savings,2.3473525295814253,82
563,Holder_563,92083.96520204446,2025-01-24 10:00:00,Investment,1.5410692094006773,83
564,Holder_564,65375.25203827249,2025-01-24 11:00:00,Checking,1.1136699726325627,131
565,Holder_565,9951.478801374415,2025-01-24 12:00:00,Savings,1.385098512040459,329
566,Holder_566,94837.80015811241,2025-01-24 13:00:00,Investment,0.7489957422350575,100
567,Holder_567,26597.169100384344,2025-01-24 14:00:00,Savings,1.3915883382060967,256
568,Holder_568,34384.03655022229,2025-01-24 15:00:00,Checking,0.5414040393142076,479
569,Holder_569,40823.78095467066,2025-01-24 16:00:00,Savings,3.322662802861902,49
570,Holder_570,6071.205344027012,2025-01-24 17:00:00,Investment,1.923689333244573,401
571,Holder_571,50155.02680082988,2025-01-24 18:00:00,Checking,4.879151201421089,63
572,Holder_572,13208.530616453932,2025-01-24 19:00:00,Checking,1.3717267284933403,311
573,Holder_573,40696.062342146826,2025-01-24 20:00:00,Investment,2.0562285663931723,407
574,Holder_574,35720.26901121635,2025-01-24 21:00:00,Investment,2.1102852138868995,290
575,Holder_575,77511.16825922384,2025-01-24 22:00:00,Investment,0.5380317322810724,105
576,Holder_576,80513.88065164039,2025-01-24 23:00:00,Savings,4.276435788677565,105
577,Holder_577,16187.875356519713,2025-01-25 00:00:00,Savings,0.6439750706494612,325
578,Holder_578,37288.5675505434,2025-01-25 01:00:00,Savings,4.730809256281586,15
579,Holder_579,37961.96294215134,2025-01-25 02:00:00,Investment,4.514334579921293,175
580,Holder_580,15989.63394967242,2025-01-25 03:00:00,Investment,2.909848622386836,259
581,Holder_581,80046.89700006785,2025-01-25 04:00:00,Savings,2.946180087100814,211
582,Holder_582,71015.60450520691,2025-01-25 05:00:00,Checking,3.4420006533027037,412
583,Holder_583,19847.79684340644,2025-01-25 06:00:00,Savings,2.2417250537069915,259
584,Holder_584,37305.468950786104,2025-01-25 07:00:00,Checking,3.4125002752903497,102
585,Holder_585,11474.697460794907,2025-01-25 08:00:00,Investment,0.7014577490981909,260
586,Holder_586,63192.45311221135,2025-01-25 09:00:00,Investment,0.7432143230737696,344
587,Holder_587,13015.820530313347,2025-01-25 10:00:00,Savings,2.5575368882879497,159
588,Holder_588,98607.48269386686,2025-01-25 11:00:00,Savings,2.973300354977157,45
589,Holder_589,78287.52539409837,2025-01-25 12:00:00,Investment,4.495179381511186,443
590,Holder_590,39633.61640881551,2025-01-25 13:00:00,Savings,0.9709728525855332,301
591,Holder_591,58277.82929565609,2025-01-25 14:00:00,Investment,4.201915672372502,251
592,Holder_592,91222.83980542446,2025-01-25 15:00:00,Investment,1.4452130178143132,331
593,Holder_593,55855.828759186785,2025-01-25 16:00:00,Checking,2.2733764182951433,165
594,Holder_594,18275.35015339756,2025-01-25 17:00:00,Savings,1.924710956723358,193
595,Holder_595,38491.63220253477,2025-01-25 18:00:00,Investment,2.3006987278942956,9
596,Holder_596,84471.34163794479,2025-01-25 19:00:00,Savings,1.177229741326635,401
597,Holder_597,64777.088582972174,2025-01-25 20:00:00,Checking,2.7660653348159974,374
598,Holder_598,65421.71404904623,2025-01-25 21:00:00,Checking,4.107391654241153,65
599,Holder_599,86815.32708316043,2025-01-25 22:00:00,Savings,2.486903046705036,387
600,Holder_600,89503.33268878797,2025-01-25 23:00:00,Savings,2.707761091541896,495
601,Holder_601,92059.4646061642,2025-01-26 00:00:00,Investment,4.319454133765914,282
602,Holder_602,10390.070132062454,2025-01-26 01:00:00,Checking,3.677261515871139,181
603,Holder_603,54868.47419434699,2025-01-26 02:00:00,Checking,2.7070448383390313,415
604,Holder_604,74310.44260061355,2025-01-26 03:00:00,Checking,1.6596304168513085,282
605,Holder_605,75935.75766757436,2025-01-26 04:00:00,Savings,4.48217036080235,279
606,Holder_606,61064.903995030385,2025-01-26 05:00:00,Investment,3.0965918076075125,30
607,Holder_607,17511.946183183743,2025-01-26 06:00:00,Savings,1.4951642454981202,266
608,Holder_608,79944.63484022477,2025-01-26 07:00:00,Savings,1.7110388868710467,328
609,Holder_609,72291.02201797963,2025-01-26 08:00:00,Savings,4.114098900213106,492
610,Holder_610,9527.441383354593,2025-01-26 09:00:00,Investment,0.6986550293935496,217
611,Holder_611,46917.17264276325,2025-01-26 10:00:00,Savings,4.96441484162969,320
612,Holder_612,18223.762552658554,2025-01-26 11:00:00,Checking,1.086582558716563,406
613,Holder_613,34410.22752558422,2025-01-26 12:00:00,Checking,4.082308364286218,399
614,Holder_614,2790.0281283628583,2025-01-26 13:00:00,Checking,2.276488925472573,379
615,Holder_615,40632.65697266506,2025-01-26 14:00:00,Investment,2.714972824793601,105
616,Holder_616,55437.815194464834,2025-01-26 15:00:00,Savings,4.4629275985906,184
617,Holder_617,62338.6766898816,2025-01-26 16:00:00,Investment,2.3581003531514595,330
618,Holder_618,66685.5441677423,2025-01-26 17:00:00,Savings,2.918721891529555,148
619,Holder_619,83792.83999714354,2025-01-26 18:00:00,Checking,0.7218484808412647,105
620,Holder_620,22330.827820297272,2025-01-26 19:00:00,Savings,0.5105636324035392,47
621,Holder_621,12927.700421408326,2025-01-26 20:00:00,Savings,1.6015994285077666,87
622,Holder_622,85302.18001789464,2025-01-26 21:00:00,Savings,3.562623918134453,309
623,Holder_623,16504.66867437234,2025-01-26 22:00:00,Investment,1.0456920201161153,437
624,Holder_624,97501.24805228334,2025-01-26 23:00:00,Savings,1.0119288146204723,129
625,Holder_625,84411.28471046506,2025-01-27 00:00:00,Savings,2.3493227361615645,258
626,Holder_626,50586.783983070316,2025-01-27 01:00:00,Savings,3.4152666737370194,314
627,Holder_627,98160.7210672805,2025-01-27 02:00:00,Investment,3.7043239651156874,147
628,Holder_628,10640.296181692416,2025-01-27 03:00:00,Investment,1.3030280334426865,446
629,Holder_629,31003.510356335064,2025-01-27 04:00:00,Investment,0.858146663174191,462
630,Holder_630,64184.21708902053,2025-01-27 05:00:00,Savings,4.731786652754949,72
631,Holder_631,35650.679978844695,2025-01-27 06:00:00,Checking,1.6729987215294577,486
632,Holder_632,92908.88264609838,2025-01-27 07:00:00,Checking,4.340059239239258,140
633,Holder_633,7496.982729603939,2025-01-27 08:00:00,Checking,4.385711527082682,410
634,Holder_634,55391.77137403549,2025-01-27 09:00:00,Savings,3.97635166293145,27
635,Holder_635,59495.76047211634,2025-01-27 10:00:00,Checking,1.2597512299365654,29
636,Holder_636,65620.08425394518,2025-01-27 11:00:00,Checking,4.198106566643902,271
637,Holder_637,26310.95610984963,2025-01-27 12:00:00,Checking,3.96162751658714,174
638,Holder_638,37092.07632446658,2025-01-27 13:00:00,Savings,3.185253455477977,253
639,Holder_639,84524.37243683278,2025-01-27 14:00:00,Checking,2.0174091582602873,385
640,Holder_640,20299.334128045823,2025-01-27 15:00:00,Checking,1.6812887191994483,60
641,Holder_641,82859.91687016284,2025-01-27 16:00:00,Savings,1.0485014543616153,107
642,Holder_642,56702.8868673715,2025-01-27 17:00:00,Investment,2.793906801053921,220
643,Holder_643,76456.56360821413,2025-01-27 18:00:00,Checking,3.1336739397943094,441
644,Holder_644,71647.12926008369,2025-01-27 19:00:00,Investment,2.1170254573210423,259
645,Holder_645,21543.638043103023,2025-01-27 20:00:00,Checking,2.6391158045639083,371
646,Holder_646,57312.46090695341,2025-01-27 21:00:00,Savings,2.1358150581617004,146
647,Holder_647,86904.59212770415,2025-01-27 22:00:00,Investment,3.3845272579431556,52
648,Holder_648,43779.507443391005,2025-01-27 23:00:00,Investment,4.555666435084535,60
649,Holder_649,96692.48625210836,2025-01-28 00:00:00,Investment,1.237641179211252,34
650,Holder_650,45769.294910070086,2025-01-28 01:00:00,Investment,2.2163396445640555,96
651,Holder_651,15135.778030120584,2025-01-28 02:00:00,Checking,1.1339087177788758,477
652,Holder_652,39554.03332768965,2025-01-28 03:00:00,Checking,3.312246966835244,89
653,Holder_653,95218.53823266318,2025-01-28 04:00:00,Investment,3.779917292698681,316
654,Holder_654,32652.364084645567,2025-01-28 05:00:00,Checking,4.693607296688551,410
655,Holder_655,86941.71782683922,2025-01-28 06:00:00,Investment,1.754923668174342,231
656,Holder_656,88243.81748650709,2025-01-28 07:00:00,Investment,4.775950426394436,456
657,Holder_657,35668.46590886415,2025-01-28 08:00:00,Savings,0.7846820231930366,275
658,Holder_658,9242.50814701258,2025-01-28 09:00:00,Investment,3.213562385140647,246
659,Holder_659,72731.233006723,2025-01-28 10:00:00,Checking,0.7570972370449849,111
660,Holder_660,31839.717602384615,2025-01-28 11:00:00,Investment,4.5219838449287515,234
661,Holder_661,78509.43781149967,2025-01-28 12:00:00,Savings,2.8841407568152433,278
662,Holder_662,44822.82997778288,2025-01-28 13:00:00,Checking,3.5120675784325823,477
663,Holder_663,49041.407491919534,2025-01-28 14:00:00,Savings,4.242082666597037,417
664,Holder_664,78013.03126810514,2025-01-28 15:00:00,Savings,1.1763978011778593,166
665,Holder_665,38853.96977510116,2025-01-28 16:00:00,Investment,0.6736620287216023,128
666,Holder_666,44869.60718696854,2025-01-28 17:00:00,Savings,4.454965156607835,237
667,Holder_667,38242.856408192594,2025-01-28 18:00:00,Savings,1.9171995235651962,494
668,Holder_668,37366.711012450716,2025-01-28 19:00:00,Checking,1.0804050856722438,291
669,Holder_669,53068.711113244484,2025-01-28 20:00:00,Savings,2.6080755668918894,107
670,Holder_670,81071.14500561391,2025-01-28 21:00:00,Investment,3.192377340632085,128
671,Holder_671,36815.06288033402,2025-01-28 22:00:00,Investment,0.6393677154012956,195
672,Holder_672,52901.21733323593,2025-01-28 23:00:00,Investment,1.7370304621568948,339
673,Holder_673,67402.00521881749,2025-01-29 00:00:00,Savings,0.6475994342460321,394
674,Holder_674,27674.505184061847,2025-01-29 01:00:00,Checking,2.3915092513797456,475
675,Holder_675,28474.757685336863,2025-01-29 02:00:00,Investment,4.527950130798099,143
676,Holder_676,93407.89957532202,2025-01-29 03:00:00,Savings,4.921935851721061,395
677,Holder_677,72629.92275977778,2025-01-29 04:00:00,Investment,3.366713990766324,111
678,Holder_678,58141.48094610758,2025-01-29 05:00:00,Investment,1.2273696220306631,90
679,Holder_679,65124.285387640586,2025-01-29 06:00:00,Checking,4.576322254996876,251
680,Holder_680,3900.644867238418,2025-01-29 07:00:00,Investment,2.8231152044002723,280
681,Holder_681,62192.19359060799,2025-01-29 08:00:00,Checking,1.1918719044631314,333
682,Holder_682,51441.37844919599,2025-01-29 09:00:00,Savings,4.647770012532476,224
683,Holder_683,55029.21829816413,2025-01-29 10:00:00,Investment,3.9086107282539633,101
684,Holder_684,36582.958856250894,2025-01-29 11:00:00,Savings,3.792673727254182,132
685,Holder_685,9065.915873581247,2025-01-29 12:00:00,Savings,3.691313167074821,13
686,Holder_686,20140.584127593167,2025-01-29 13:00:00,Savings,1.4015291949339905,457
687,Holder_687,95123.72660805451,2025-01-29 14:00:00,Investment,1.4495301126838673,441
688,Holder_688,41461.25666482246,2025-01-29 15:00:00,Checking,3.5973184929226476,497
689,Holder_689,47201.63242725555,2025-01-29 16:00:00,Investment,1.488752375496786,98
690,Holder_690,6218.26919549046,2025-01-29 17:00:00,Savings,2.4740226356137196,120
691,Holder_691,4719.056724854078,2025-01-29 18:00:00,Checking,4.019008215172736,293
692,Holder_692,72000.96325762902,2025-01-29 19:00:00,Savings,4.027786331440284,304
693,Holder_693,54271.371747990015,2025-01-29 20:00:00,Checking,2.5396779763663684,199
694,Holder_694,51361.8924374104,2025-01-29 21:00:00,Investment,4.064854722238603,1
695,Holder_695,25069.3285118442,2025-01-29 22:00:00,Checking,4.273798082891256,60
696,Holder_696,74730.3224313623,2025-01-29 23:00:00,Investment,3.446490880779171,250
697,Holder_697,17655.421331740697,2025-01-30 00:00:00,Savings,1.5279163353878906,140
698,Holder_698,19803.539622440985,2025-01-30 01:00:00,Checking,1.7330530117349638,149
699,Holder_699,46610.504963479274,2025-01-30 02:00:00,Savings,1.916785199339309,395
700,Holder_700,29341.70634908215,2025-01-30 03:00:00,Checking,1.025618484802784,44
701,Holder_701,25498.83514208149,2025-01-30 04:00:00,Investment,1.7292182916647532,371
702,Holder_702,64878.52681077983,2025-01-30 05:00:00,Checking,1.4428365094063946,186
703,Holder_703,65446.20277663591,2025-01-30 06:00:00,Checking,2.54897937413871,108
704,Holder_704,82627.18991019299,2025-01-30 07:00:00,Investment,4.587968965425192,44
705,Holder_705,42353.14813032461,2025-01-30 08:00:00,Investment,0.9701614253928114,78
706,Holder_706,8235.424011588873,2025-01-30 09:00:00,Investment,3.74120565776328,226
707,Holder_707,28092.97210722431,2025-01-30 10:00:00,Checking,3.5927735198590747,162
708,Holder_708,98020.54085648488,2025-01-30 11:00:00,Savings,0.9308938939851095,281
709,Holder_709,60029.59894803751,2025-01-30 12:00:00,Checking,4.6515758220761,253
710,Holder_710,71263.971395301,2025-01-30 13:00:00,Checking,3.058124909705688,132
711,Holder_711,1728.425132916039,2025-01-30 14:00:00,Savings,2.136764845110579,448
712,Holder_712,52302.36748606957,2025-01-30 15:00:00,Investment,3.90442362572888,372
713,Holder_713,4715.337095648509,2025-01-30 16:00:00,Checking,1.6581445628073532,375
714,Holder_714,57353.79099705335,2025-01-30 17:00:00,Savings,3.620794266708442,474
715,Holder_715,92156.31411397146,2025-01-30 18:00:00,Investment,0.6787004340751125,144
716,Holder_716,96873.49391954037,2025-01-30 19:00:00,Investment,4.277336169241724,266
717,Holder_717,54514.71486350349,2025-01-30 20:00:00,Checking,2.516768811595933,109
718,Holder_718,46362.27571996938,2025-01-30 21:00:00,Investment,3.3651181146107376,194
719,Holder_719,94556.69233060091,2025-01-30 22:00:00,Investment,1.4955701891300766,35
720,Holder_720,67687.37336767282,2025-01-30 23:00:00,Savings,3.5468317069630158,467
721,Holder_721,7425.028674302536,2025-01-31 00:00:00,Savings,3.9750812415197445,390
722,Holder_722,47106.832189082255,2025-01-31 01:00:00,Investment,2.6294593409797944,275
723,Holder_723,24784.256827966088,2025-01-31 02:00:00,Savings,3.2797711582780744,187
724,Holder_724,47510.627823419476,2025-01-31 03:00:00,Investment,2.5534666572007936,437
725,Holder_725,46091.09162862981,2025-01-31 04:00:00,Checking,4.523411161660305,243
726,Holder_726,58632.33547865946,2025-01-31 05:00:00,Savings,2.7404113123144365,264
727,Holder_727,36320.27854457587,2025-01-31 06:00:00,Investment,4.2881391906296855,462
728,Holder_728,17262.774496136877,2025-01-31 07:00:00,Investment,4.106084262216118,10
729,Holder_729,50868.224024405674,2025-01-31 08:00:00,Savings,2.3472716960676046,451
730,Holder_730,83190.08555023045,2025-01-31 09:00:00,Savings,1.5353802133586376,166
731,Holder_731,66737.21057869263,2025-01-31 10:00:00,Checking,2.3273695965189694,29
732,Holder_732,34498.41872659637,2025-01-31 11:00:00,Investment,4.217978190988491,271
733,Holder_733,93616.77925312686,2025-01-31 12:00:00,Checking,1.5243464111872655,87
734,Holder_734,91308.54955366903,2025-01-31 13:00:00,Checking,2.859963556359872,23
735,Holder_735,21725.491539025777,2025-01-31 14:00:00,Checking,4.127435365823364,210
736,Holder_736,4902.340926915935,2025-01-31 15:00:00,Savings,2.0906486380777043,46
737,Holder_737,74389.56212672546,2025-01-31 16:00:00,Checking,3.389943366512138,467
738,Holder_738,82933.41587356618,2025-01-31 17:00:00,Savings,1.6053420832196654,28
739,Holder_739,96818.59202918418,2025-01-31 18:00:00,Savings,0.9917575041567197,26
740,Holder_740,89093.80301474276,2025-01-31 19:00:00,Checking,4.074729012917853,266
741,Holder_741,60452.942052435064,2025-01-31 20:00:00,Checking,0.9453588053391807,175
742,Holder_742,53475.1815820257,2025-01-31 21:00:00,Investment,1.7212162778581306,4
743,Holder_743,3756.264074996043,2025-01-31 22:00:00,Checking,4.347992398988481,311
744,Holder_744,25418.988237633006,2025-01-31 23:00:00,Investment,2.0591117918540025,322
745,Holder_745,46501.860421559715,2025-02-01 00:00:00,Checking,4.878704072813725,67
746,Holder_746,63221.88610827321,2025-02-01 01:00:00,Checking,4.908804506482369,135
747,Holder_747,56167.93149852265,2025-02-01 02:00:00,Checking,1.7072420920410052,55
748,Holder_748,74520.96297848737,2025-02-01 03:00:00,Checking,0.684402000124507,464
749,Holder_749,28696.926157817044,2025-02-01 04:00:00,Investment,3.672784778924206,31
750,Holder_750,56930.30815759485,2025-02-01 05:00:00,Investment,2.5294392619175468,74
751,Holder_751,9726.082095688422,2025-02-01 06:00:00,Checking,0.9533877978180934,19
752,Holder_752,41952.88683473749,2025-02-01 07:00:00,Checking,3.6838526854011926,156
753,Holder_753,75265.9224625055,2025-02-01 08:00:00,Investment,0.6402870910036456,337
754,Holder_754,69646.68448947536,2025-02-01 09:00:00,Savings,4.4158851072150895,156
755,Holder_755,99073.63098004572,2025-02-01 10:00:00,Savings,1.1239363810098668,147
756,Holder_756,28511.221472787845,2025-02-01 11:00:00,Savings,1.0729034543602625,485
757,Holder_757,50320.740618223936,2025-02-01 12:00:00,Investment,1.2905253408586304,87
758,Holder_758,33623.510963625675,2025-02-01 13:00:00,Investment,4.8211986132143,20
759,Holder_759,44619.7082918583,2025-02-01 14:00:00,Savings,3.619262121142307,269
760,Holder_760,85838.06285706942,2025-02-01 15:00:00,Savings,4.106171909586365,333
761,Holder_761,68736.69844366018,2025-02-01 16:00:00,Checking,2.2893574357973887,43
762,Holder_762,88361.67794341058,2025-02-01 17:00:00,Investment,2.0134072737723,395
763,Holder_763,21147.59972485676,2025-02-01 18:00:00,Investment,1.5551780305242646,432
764,Holder_764,87462.75066630237,2025-02-01 19:00:00,Savings,2.66291612740584,399
765,Holder_765,6916.465143660058,2025-02-01 20:00:00,Savings,2.9832293009037585,401
766,Holder_766,88971.32876327808,2025-02-01 21:00:00,Investment,3.3429867964373994,438
767,Holder_767,33578.30416661206,2025-02-01 22:00:00,Checking,1.6570332679941253,306
768,Holder_768,32144.17570799258,2025-02-01 23:00:00,Savings,4.768943364063458,28
769,Holder_769,51696.76909316773,2025-02-02 00:00:00,Investment,1.2639132419321113,467
770,Holder_770,94128.32858459995,2025-02-02 01:00:00,Investment,4.845439286448856,260
771,Holder_771,5730.355103459132,2025-02-02 02:00:00,Checking,0.566852551283767,22
772,Holder_772,35870.86653200378,2025-02-02 03:00:00,Checking,2.6650656131758055,470
773,Holder_773,85800.62687965024,2025-02-02 04:00:00,Savings,2.0001552715245325,375
774,Holder_774,40209.393266111205,2025-02-02 05:00:00,Savings,2.5210553626861287,101
775,Holder_775,20716.532862109634,2025-02-02 06:00:00,Savings,3.067990605413551,39
776,Holder_776,43054.623951809765,2025-02-02 07:00:00,Investment,2.4601512110571906,290
777,Holder_777,39169.69764767526,2025-02-02 08:00:00,Savings,2.3668108263571774,353
778,Holder_778,91626.20394520364,2025-02-02 09:00:00,Investment,3.7972553693598794,300
779,Holder_779,76431.50319856661,2025-02-02 10:00:00,Savings,3.5864432378890907,170
780,Holder_780,51006.44001865663,2025-02-02 11:00:00,Checking,4.249720769161316,296
781,Holder_781,98848.68610543554,2025-02-02 12:00:00,Checking,1.62481541557773,353
782,Holder_782,47062.475596316406,2025-02-02 13:00:00,Investment,3.2428782938932863,396
783,Holder_783,6765.545251207248,2025-02-02 14:00:00,Checking,3.1333765342678426,130
784,Holder_784,26965.157859683502,2025-02-02 15:00:00,Investment,2.1638201489270994,156
785,Holder_785,44170.977541711945,2025-02-02 16:00:00,Investment,2.687258938562064,74
786,Holder_786,16533.35979046589,2025-02-02 17:00:00,Checking,1.9120196448757794,342
787,Holder_787,94808.94750608025,2025-02-02 18:00:00,Investment,1.1382997892764335,465
788,Holder_788,76918.04088395953,2025-02-02 19:00:00,Checking,1.4621054479822977,90
789,Holder_789,27560.43284234949,2025-02-02 20:00:00,Savings,0.974811408805405,67
790,Holder_790,59489.648818273665,2025-02-02 21:00:00,Savings,3.5738130883555588,455
791,Holder_791,72423.46655384763,2025-02-02 22:00:00,Checking,3.473273268991182,236
792,Holder_792,94186.61396177301,2025-02-02 23:00:00,Checking,4.777728672109427,200
793,Holder_793,88281.89956836565,2025-02-03 00:00:00,Checking,3.783552861412586,468
794,Holder_794,52004.03038768315,2025-02-03 01:00:00,Checking,0.7342062744025915,332
795,Holder_795,77690.60935950874,2025-02-03 02:00:00,Savings,4.479103282680294,227
796,Holder_796,56652.33062893091,2025-02-03 03:00:00,Investment,4.382038233255766,465
797,Holder_797,55717.68511450847,2025-02-03 04:00:00,Investment,2.4949414434771437,348
798,Holder_798,12359.453875480998,2025-02-03 05:00:00,Savings,3.1363837273756467,233
799,Holder_799,13487.628143599055,2025-02-03 06:00:00,Investment,4.8923524961263345,266
800,Holder_800,53423.827887223284,2025-02-03 07:00:00,Savings,2.8953696373167483,86
801,Holder_801,27617.292952921653,2025-02-03 08:00:00,Investment,4.573948227692404,102
802,Holder_802,3082.6533435863944,2025-02-03 09:00:00,Checking,0.8736744101458389,441
803,Holder_803,72561.08118612101,2025-02-03 10:00:00,Checking,1.3597334091890727,481
804,Holder_804,4216.173072326331,2025-02-03 11:00:00,Checking,2.4833972454859303,214
805,Holder_805,59932.4072693014,2025-02-03 12:00:00,Savings,3.1314056375178714,108
806,Holder_806,54380.185618604126,2025-02-03 13:00:00,Savings,4.173025333382601,165
807,Holder_807,96912.65436720265,2025-02-03 14:00:00,Investment,4.947179518144341,461
808,Holder_808,48937.100795416525,2025-02-03 15:00:00,Investment,2.249831734133524,91
809,Holder_809,7296.542201401939,2025-02-03 16:00:00,Investment,0.7133703626303822,192
810,Holder_810,55617.10881283971,2025-02-03 17:00:00,Savings,4.105271764828961,335
811,Holder_811,84268.52089099404,2025-02-03 18:00:00,Investment,3.2197132358726366,86
812,Holder_812,99688.07914386256,2025-02-03 19:00:00,Checking,1.3934428649069075,222
813,Holder_813,43603.97419521818,2025-02-03 20:00:00,Investment,2.7267280547963906,363
814,Holder_814,32709.57550717751,2025-02-03 21:00:00,Checking,3.84039610490176,424
815,Holder_815,90758.67639824789,2025-02-03 22:00:00,Savings,3.966853041808897,101
816,Holder_816,19932.970778536015,2025-02-03 23:00:00,Checking,2.748282853994429,226
817,Holder_817,61927.46258825974,2025-02-04 00:00:00,Checking,1.8734653855798662,364
818,Holder_818,41165.727993913824,2025-02-04 01:00:00,Checking,4.881841619173221,60
819,Holder_819,5067.154130599973,2025-02-04 02:00:00,Savings,3.4851317493042178,482
820,Holder_820,35381.55895626408,2025-02-04 03:00:00,Savings,2.337068837058344,250
821,Holder_821,27257.623727764785,2025-02-04 04:00:00,Savings,1.7620845089209358,48
822,Holder_822,68923.0242404052,2025-02-04 05:00:00,Savings,3.7899634235160296,117
823,Holder_823,94930.25927149989,2025-02-04 06:00:00,Investment,1.5898255051719548,227
824,Holder_824,27536.671550485138,2025-02-04 07:00:00,Savings,1.2726949503815967,362
825,Holder_825,81335.12797601649,2025-02-04 08:00:00,Checking,2.8842525003293162,403
826,Holder_826,6480.621876902543,2025-02-04 09:00:00,Savings,1.8049432668986385,456
827,Holder_827,54273.9799939415,2025-02-04 10:00:00,Investment,3.3300731521562676,487
828,Holder_828,7984.456307279564,2025-02-04 11:00:00,Investment,1.0307240369340507,33
829,Holder_829,93469.2661219333,2025-02-04 12:00:00,Investment,3.4472349705529473,44
830,Holder_830,76868.77677518163,2025-02-04 13:00:00,Checking,1.77483437598966,476
831,Holder_831,66137.04120925465,2025-02-04 14:00:00,Savings,0.5010932049553073,165
832,Holder_832,82565.74178084177,2025-02-04 15:00:00,Savings,1.0712122595337936,368
833,Holder_833,65104.45976144615,2025-02-04 16:00:00,Savings,4.701269200257923,345
834,Holder_834,96925.49532025482,2025-02-04 17:00:00,Checking,4.40309587601911,292
835,Holder_835,71681.83683861238,2025-02-04 18:00:00,Checking,1.5512406441630657,337
836,Holder_836,92541.20234864243,2025-02-04 19:00:00,Investment,4.002673570454711,344
837,Holder_837,52196.05730905316,2025-02-04 20:00:00,Investment,3.238572169282884,405
838,Holder_838,12589.376885204403,2025-02-04 21:00:00,Savings,4.869071201524412,386
839,Holder_839,53289.5944208787,2025-02-04 22:00:00,Checking,2.181225467903266,287
840,Holder_840,13560.409978246236,2025-02-04 23:00:00,Checking,3.566572756327271,364
841,Holder_841,59656.8544384641,2025-02-05 00:00:00,Savings,0.7859107509076336,225
842,Holder_842,48766.81299223863,2025-02-05 01:00:00,Savings,2.283113060673827,286
843,Holder_843,62634.96438544539,2025-02-05 02:00:00,Investment,4.8371794753468125,204
844,Holder_844,1994.6511244283279,2025-02-05 03:00:00,Investment,2.9254139350255426,172
845,Holder_845,20289.208673881047,2025-02-05 04:00:00,Investment,1.7954577650068007,12
846,Holder_846,49641.71275930096,2025-02-05 05:00:00,Savings,1.0412193340787308,307
847,Holder_847,95099.85259732435,2025-02-05 06:00:00,Savings,3.665877530816887,121
848,Holder_848,38977.294995160686,2025-02-05 07:00:00,Investment,3.4018521954337704,433
849,Holder_849,43012.83057930983,2025-02-05 08:00:00,Investment,2.1827242112169856,244
850,Holder_850,71754.9128116556,2025-02-05 09:00:00,Checking,4.779236083396254,152
851,Holder_851,60775.482971325684,2025-02-05 10:00:00,Checking,0.5999126584453265,152
852,Holder_852,30593.68885973499,2025-02-05 11:00:00,Investment,1.866757332343216,188
853,Holder_853,41670.82316117535,2025-02-05 12:00:00,Investment,4.644812688348116,395
854,Holder_854,22552.280086866012,2025-02-05 13:00:00,Checking,1.9442094724374817,13
855,Holder_855,96636.12445389065,2025-02-05 14:00:00,Investment,1.6351377523482666,91
856,Holder_856,13932.803774178614,2025-02-05 15:00:00,Checking,2.903991844690613,200
857,Holder_857,37811.84167207553,2025-02-05 16:00:00,Checking,4.20710787464242,74
858,Holder_858,3558.058249781108,2025-02-05 17:00:00,Checking,0.9641604239526247,256
859,Holder_859,22956.169701421095,2025-02-05 18:00:00,Savings,4.743593193405813,456
860,Holder_860,78266.64269963534,2025-02-05 19:00:00,Savings,4.0778279653152385,448
861,Holder_861,20916.347996599066,2025-02-05 20:00:00,Investment,1.3156261499819837,276
862,Holder_862,8926.276850367594,2025-02-05 21:00:00,Checking,3.704035825391732,328
863,Holder_863,47970.86480460781,2025-02-05 22:00:00,Savings,2.232314251869007,329
864,Holder_864,1986.954238717331,2025-02-05 23:00:00,Investment,2.3103260513434343,71
865,Holder_865,9391.849288206984,2025-02-06 00:00:00,Investment,4.024805415974899,78
866,Holder_866,80954.96108673453,2025-02-06 01:00:00,Investment,4.832531635913295,284
867,Holder_867,77375.86114110104,2025-02-06 02:00:00,Investment,1.0699514278123727,130
868,Holder_868,91598.74322008471,2025-02-06 03:00:00,Investment,2.392836065954687,377
869,Holder_869,85597.0281551642,2025-02-06 04:00:00,Checking,2.664237236379366,43
870,Holder_870,68634.38076074199,2025-02-06 05:00:00,Investment,2.1934031762974895,8
871,Holder_871,6180.952872765621,2025-02-06 06:00:00,Checking,2.1343510567230126,13
872,Holder_872,78502.01318067909,2025-02-06 07:00:00,Savings,0.7352090040271844,213
873,Holder_873,84705.57027321549,2025-02-06 08:00:00,Investment,3.5849237925318045,111
874,Holder_874,80109.1324314235,2025-02-06 09:00:00,Savings,2.4629648770402044,476
875,Holder_875,51339.42449549458,2025-02-06 10:00:00,Checking,1.3765721118976704,291
876,Holder_876,24057.282026298686,2025-02-06 11:00:00,Checking,4.172150760359308,23
877,Holder_877,84687.66759318394,2025-02-06 12:00:00,Savings,4.111523366682325,302
878,Holder_878,72989.1181642737,2025-02-06 13:00:00,Investment,2.688762326400022,254
879,Holder_879,98095.35626449631,2025-02-06 14:00:00,Investment,1.8430279751649223,15
880,Holder_880,16413.567177837358,2025-02-06 15:00:00,Savings,3.371417266084036,130
881,Holder_881,23340.793722153452,2025-02-06 16:00:00,Savings,1.7966846109983137,61
882,Holder_882,21968.016838268766,2025-02-06 17:00:00,Savings,1.5620356864567042,115
883,Holder_883,79461.43699451233,2025-02-06 18:00:00,Investment,3.78731594311847,460
884,Holder_884,19503.822348561698,2025-02-06 19:00:00,Investment,0.6814635787442782,320
885,Holder_885,7599.323152507303,2025-02-06 20:00:00,Investment,0.9264581196556728,308
886,Holder_886,99857.51985197724,2025-02-06 21:00:00,Savings,0.530546783106154,420
887,Holder_887,3456.9039330697656,2025-02-06 22:00:00,Investment,1.1882443391394177,451
888,Holder_888,83689.1619557277,2025-02-06 23:00:00,Checking,0.8104550391970675,325
889,Holder_889,37171.31731351463,2025-02-07 00:00:00,Savings,4.981110655009633,67
890,Holder_890,84319.93051602371,2025-02-07 01:00:00,Investment,1.7996448647934031,249
891,Holder_891,55907.428629903356,2025-02-07 02:00:00,Savings,1.1717060570116127,175
892,Holder_892,90261.49171914965,2025-02-07 03:00:00,Checking,1.5844831609816308,339
893,Holder_893,92693.10565504804,2025-02-07 04:00:00,Checking,4.712565071930606,2
894,Holder_894,1900.7199467968237,2025-02-07 05:00:00,Savings,2.8407210036097807,172
895,Holder_895,8465.805423286038,2025-02-07 06:00:00,Savings,2.141681433385356,485
896,Holder_896,25785.514227514694,2025-02-07 07:00:00,Checking,4.430261560591488,448
897,Holder_897,67262.22621998667,2025-02-07 08:00:00,Savings,2.277456217470646,465
898,Holder_898,88938.9474546391,2025-02-07 09:00:00,Checking,2.0075385648096313,334
899,Holder_899,46534.25317810231,2025-02-07 10:00:00,Checking,1.43277135147381,284
900,Holder_900,61090.33851115228,2025-02-07 11:00:00,Investment,2.2000857075923514,475
901,Holder_901,19661.48542676055,2025-02-07 12:00:00,Savings,1.9250796020761671,54
902,Holder_902,80691.71655428685,2025-02-07 13:00:00,Savings,3.5478678168416344,458
903,Holder_903,96765.48302399351,2025-02-07 14:00:00,Investment,1.803122171018272,67
904,Holder_904,27591.29435854515,2025-02-07 15:00:00,Checking,3.0973988589015264,420
905,Holder_905,49987.76920845408,2025-02-07 16:00:00,Savings,0.7965147426438772,102
906,Holder_906,9525.494940131006,2025-02-07 17:00:00,Investment,1.3608012051343146,120
907,Holder_907,56354.528989833874,2025-02-07 18:00:00,Investment,2.3333237222510697,191
908,Holder_908,50775.56074282138,2025-02-07 19:00:00,Savings,4.716271642589129,409
909,Holder_909,15299.211931352682,2025-02-07 20:00:00,Investment,2.1976339357206296,470
910,Holder_910,44764.55509868943,2025-02-07 21:00:00,Checking,3.4883335453992537,304
911,Holder_911,34076.360556569765,2025-02-07 22:00:00,Investment,1.6478925008962917,423
912,Holder_912,52661.25665521374,2025-02-07 23:00:00,Checking,1.0716510918795428,47
913,Holder_913,58979.779207451116,2025-02-08 00:00:00,Checking,0.7634147003602256,222
914,Holder_914,1841.0622821137413,2025-02-08 01:00:00,Savings,1.874360743442381,21
915,Holder_915,76339.59231200597,2025-02-08 02:00:00,Investment,1.2094746205860858,158
916,Holder_916,71588.41489431234,2025-02-08 03:00:00,Checking,1.2830470160725589,348
917,Holder_917,37262.3522344457,2025-02-08 04:00:00,Checking,3.923416887741275,159
918,Holder_918,6240.657621313007,2025-02-08 05:00:00,Investment,0.571271319251934,377
919,Holder_919,75738.32143871998,2025-02-08 06:00:00,Checking,3.010145565809455,372
920,Holder_920,95562.34088733511,2025-02-08 07:00:00,Investment,2.207576212670592,410
921,Holder_921,24775.008006179403,2025-02-08 08:00:00,Savings,2.7794749995884622,235
922,Holder_922,33028.93675996675,2025-02-08 09:00:00,Checking,3.032736067465713,150
923,Holder_923,19197.47605869968,2025-02-08 10:00:00,Checking,1.910154625057752,405
924,Holder_924,58116.67621113913,2025-02-08 11:00:00,Investment,1.8279898708292839,257
925,Holder_925,16329.298070098039,2025-02-08 12:00:00,Investment,3.8003083220070755,165
926,Holder_926,36263.200402676564,2025-02-08 13:00:00,Investment,4.420746446545207,77
927,Holder_927,70004.28837949203,2025-02-08 14:00:00,Investment,1.3666173460633755,85
928,Holder_928,56451.48231792549,2025-02-08 15:00:00,Checking,0.9392844224081702,46
929,Holder_929,39259.79386846559,2025-02-08 16:00:00,Savings,4.5400811287641165,393
930,Holder_930,42604.710578946644,2025-02-08 17:00:00,Savings,2.074529586413294,401
931,Holder_931,56648.97737969972,2025-02-08 18:00:00,Savings,2.9809282579826637,47
932,Holder_932,1580.608060828969,2025-02-08 19:00:00,Savings,2.1179441503400156,213
933,Holder_933,8772.476976907376,2025-02-08 20:00:00,Investment,1.0661105135572309,479
934,Holder_934,88244.54870853815,2025-02-08 21:00:00,Checking,3.151992402264776,487
935,Holder_935,8710.019920037787,2025-02-08 22:00:00,Checking,2.8631338329633333,59
936,Holder_936,70973.55602484001,2025-02-08 23:00:00,Checking,1.4134710163603874,54
937,Holder_937,92083.77824679621,2025-02-09 00:00:00,Investment,2.5334107009352502,342
938,Holder_938,27797.67682587138,2025-02-09 01:00:00,Checking,4.086263768070406,12
939,Holder_939,37678.652268891914,2025-02-09 02:00:00,Investment,3.156917463985511,192
940,Holder_940,57323.21917862691,2025-02-09 03:00:00,Checking,0.9361279718014768,6
941,Holder_941,88289.18799421989,2025-02-09 04:00:00,Savings,2.9660967375311076,309
942,Holder_942,94248.65313878159,2025-02-09 05:00:00,Investment,3.662322346803141,144
943,Holder_943,74216.76156301553,2025-02-09 06:00:00,Checking,4.067165326013381,346
944,Holder_944,9575.35632461471,2025-02-09 07:00:00,Savings,3.3310291038542004,261
945,Holder_945,67246.26139795023,2025-02-09 08:00:00,Savings,1.1869617404335269,73
946,Holder_946,41620.068465393546,2025-02-09 09:00:00,Savings,3.695779699655723,174
947,Holder_947,47599.3989496151,2025-02-09 10:00:00,Investment,3.5480383073668236,232
948,Holder_948,5865.690644172527,2025-02-09 11:00:00,Investment,0.6099209732328494,270
949,Holder_949,19915.15179528946,2025-02-09 12:00:00,Checking,2.352864504156094,428
950,Holder_950,79260.84714583113,2025-02-09 13:00:00,Savings,1.99827611133068,447
951,Holder_951,45941.924471738115,2025-02-09 14:00:00,Checking,3.5123542891413955,362
952,Holder_952,30864.561921483735,2025-02-09 15:00:00,Checking,1.4726111553991432,222
953,Holder_953,39017.88832253086,2025-02-09 16:00:00,Savings,3.1589236533841634,52
954,Holder_954,85585.55181924233,2025-02-09 17:00:00,Checking,4.609426828163776,116
955,Holder_955,75150.90272309074,2025-02-09 18:00:00,Investment,4.090110674938735,26
956,Holder_956,27959.224320927195,2025-02-09 19:00:00,Checking,4.646559812974386,53
957,Holder_957,12632.682181024958,2025-02-09 20:00:00,Savings,4.903276851197105,365
958,Holder_958,25947.823942763098,2025-02-09 21:00:00,Investment,0.5480155715277324,29
959,Holder_959,92154.88865441864,2025-02-09 22:00:00,Investment,3.302335743698649,19
960,Holder_960,58577.29494712578,2025-02-09 23:00:00,Checking,2.357777289915079,303
961,Holder_961,53814.540665733504,2025-02-10 00:00:00,Checking,4.369345206508048,392
962,Holder_962,60042.966369553695,2025-02-10 01:00:00,Investment,1.6331661590410926,279
963,Holder_963,37236.79830890501,2025-02-10 02:00:00,Checking,4.914632701017843,117
964,Holder_964,80903.59501163177,2025-02-10 03:00:00,Savings,3.261685862946863,106
965,Holder_965,52805.33868072473,2025-02-10 04:00:00,Checking,4.0709183100297395,419
966,Holder_966,12558.042374110759,2025-02-10 05:00:00,Checking,0.8851979877024574,479
967,Holder_967,13777.447358077234,2025-02-10 06:00:00,Investment,1.3255604814148927,309
968,Holder_968,54149.05550375921,2025-02-10 07:00:00,Checking,3.9128165286539143,227
969,Holder_969,93720.45158901307,2025-02-10 08:00:00,Checking,0.5989393491769562,352
970,Holder_970,31526.860045943675,2025-02-10 09:00:00,Checking,4.175950936522023,186
971,Holder_971,87084.57571706262,2025-02-10 10:00:00,Savings,0.5627705841136015,261
972,Holder_972,76645.46307130906,2025-02-10 11:00:00,Checking,3.45703477577573,16
973,Holder_973,25533.431847783777,2025-02-10 12:00:00,Savings,2.1429226410431266,273
974,Holder_974,4597.734083308003,2025-02-10 13:00:00,Savings,3.251726837236396,160
975,Holder_975,11082.879249095891,2025-02-10 14:00:00,Savings,3.632141331451012,358
976,Holder_976,73120.89945089658,2025-02-10 15:00:00,Savings,2.041138486338369,250
977,Holder_977,20767.304066024022,2025-02-10 16:00:00,Investment,0.98583101649876,224
978,Holder_978,37755.82113003398,2025-02-10 17:00:00,Savings,0.8134064048671954,256
979,Holder_979,50668.217434636055,2025-02-10 18:00:00,Checking,3.1502121015314652,180
980,Holder_980,72821.34867656612,2025-02-10 19:00:00,Savings,2.842949091803502,20
981,Holder_981,12209.891102653413,2025-02-10 20:00:00,Checking,3.8399045410450965,112
982,Holder_982,41230.27412246868,2025-02-10 21:00:00,Savings,2.793809795017717,120
983,Holder_983,49022.218005126844,2025-02-10 22:00:00,Investment,2.4010060551389563,194
984,Holder_984,54541.87933318243,2025-02-10 23:00:00,Savings,2.2913923020630387,468
985,Holder_985,82017.70349812646,2025-02-11 00:00:00,Savings,0.6190110616895036,111
986,Holder_986,17996.141309278475,2025-02-11 01:00:00,Investment,2.010007407634957,210
987,Holder_987,80975.31373083561,2025-02-11 02:00:00,Savings,4.892090708860224,1
988,Holder_988,69594.96434196857,2025-02-11 03:00:00,Checking,4.4310000930219,58
989,Holder_989,56031.21060569697,2025-02-11 04:00:00,Savings,1.9822013016539795,93
990,Holder_990,70253.25916985462,2025-02-11 05:00:00,Savings,3.145079322798675,221
991,Holder_991,41789.75615621398,2025-02-11 06:00:00,Savings,4.312835354909723,211
992,Holder_992,14701.361010844332,2025-02-11 07:00:00,Investment,2.485734515375309,428
993,Holder_993,66910.75878627137,2025-02-11 08:00:00,Savings,0.5808103868756793,232
994,Holder_994,52942.5583618766,2025-02-11 09:00:00,Savings,0.8352970781838803,262
995,Holder_995,64298.10525373478,2025-02-11 10:00:00,Checking,2.7967672460691797,364
996,Holder_996,34461.87932182051,2025-02-11 11:00:00,Savings,4.862477190541453,103
997,Holder_997,90779.79115664375,2025-02-11 12:00:00,Savings,3.619442939984905,50
998,Holder_998,59149.61698898212,2025-02-11 13:00:00,Savings,0.8191228614735628,374
999,Holder_999,9454.845944796509,2025-02-11 14:00:00,Savings,1.3521239410633825,110
1000,Holder_1000,45530.595079738436,2025-02-11 15:00:00,Checking,3.970954144475825,456
